-- Seed data for training_runs (example table)
INSERT INTO training_runs (athlete_name, distance_meters, duration_seconds, avg_ground_contact_time_ms, created_at) VALUES
    ('Sarah Johnson', 100, 12.45, 95.3, NOW() - INTERVAL '2 days'),
    ('Marcus Chen', 200, 24.89, 102.7, NOW() - INTERVAL '1 day'),
    ('Elena Rodriguez', 400, 58.32, 98.5, NOW() - INTERVAL '12 hours'),
    ('James Wright', 100, 11.92, 89.4, NOW() - INTERVAL '6 hours'),
    ('Aisha Patel', 200, 26.14, 105.2, NOW() - INTERVAL '3 hours');


-- Dev auth user (required for FK constraint)
INSERT INTO auth.users (id, email, created_at, updated_at, instance_id, aud, role)
VALUES (
    '00000000-0000-0000-0000-000000000099',
    'dev@stridetrack.dev',
    NOW(),
    NOW(),
    '00000000-0000-0000-0000-000000000000',
    'authenticated',
    'authenticated'
);

-- Dev user profile
INSERT INTO profiles (profile_id, auth_user_id, email, name, role)
VALUES (
    '00000000-0000-0000-0000-000000000010',
    '00000000-0000-0000-0000-000000000099',
    'dev@stridetrack.dev',
    'Coach Sam Baldwin',
    'coach'
);

-- Seed coach linked to dev profile
INSERT INTO coaches (coach_id, profile_id)
VALUES (
    '00000000-0000-0000-0000-000000000001',
    '00000000-0000-0000-0000-000000000010'
);

-- Seed athletes
INSERT INTO athletes (athlete_id, coach_id, name, height_in, weight_lbs, gender)
VALUES (
    '00000000-0000-0000-0000-000000000002',
    '00000000-0000-0000-0000-000000000001',
    'Ben Marler',
    76,
    185,
    'male'
);

INSERT INTO athletes (athlete_id, coach_id, name, height_in, weight_lbs, gender)
VALUES (
    '00000000-0000-0000-0000-000000000003',
    '00000000-0000-0000-0000-000000000001',
    'Michael Maaseide',
    70,
    160,
    'male'
);

-- Insert RUN records
INSERT INTO RUN (run_id, athlete_id, event_type, name, elapsed_ms) VALUES
    ('d0271452-4bec-4759-84ef-c62beaafdbf0', '00000000-0000-0000-0000-000000000002', 'sprint_100m', 'Ben Sprint 1', 16960),
    ('86fb3baf-264d-4047-ad17-d97be11eaec3', '00000000-0000-0000-0000-000000000003', 'sprint_100m', 'Michael Sprint 1', 19180),
    ('acf9da17-bf30-4eb2-8494-3d641de4301b', '00000000-0000-0000-0000-000000000003', 'sprint_100m', 'Michael Sprint 2', 19329),
    ('11111111-1111-1111-1111-111111111111', '00000000-0000-0000-0000-000000000002', 'hurdles_110m', 'Ben 110mH Example 1', 14320);

-- Partial hurdle run: Ben does 5 of 10 hurdles on a 110mH target
INSERT INTO RUN (run_id, athlete_id, event_type, target_event, name, elapsed_ms) VALUES
    ('22222222-2222-2222-2222-222222222222', '00000000-0000-0000-0000-000000000002', 'hurdles_partial', 'hurdles_110m', 'Ben 110mH Partial (5 hurdles)', 7690);

-- Insert RUN_METRICS (all processed data from 3 sprint runs)
INSERT INTO RUN_METRICS (run_id, stride_num, foot, ic_time, to_time, next_ic_time, gct_ms, flight_ms, step_time_ms) VALUES
    ('d0271452-4bec-4759-84ef-c62beaafdbf0', 1, 'right', 0, 1290, 1440, 1290, 150, 1440),
    ('d0271452-4bec-4759-84ef-c62beaafdbf0', 1, 'left', 1320, 1410, 1850, 90, 440, 530),
    ('d0271452-4bec-4759-84ef-c62beaafdbf0', 2, 'right', 1440, 1820, 2010, 380, 190, 570),
    ('d0271452-4bec-4759-84ef-c62beaafdbf0', 2, 'left', 1850, 1980, 2410, 130, 430, 560),
    ('d0271452-4bec-4759-84ef-c62beaafdbf0', 3, 'right', 2010, 2380, 2580, 370, 200, 570),
    ('d0271452-4bec-4759-84ef-c62beaafdbf0', 3, 'left', 2410, 2550, 2970, 140, 420, 560),
    ('d0271452-4bec-4759-84ef-c62beaafdbf0', 4, 'right', 2580, 2940, 3130, 360, 190, 550),
    ('d0271452-4bec-4759-84ef-c62beaafdbf0', 4, 'left', 2970, 3100, 3510, 130, 410, 540),
    ('d0271452-4bec-4759-84ef-c62beaafdbf0', 5, 'right', 3130, 3470, 3671, 340, 201, 541),
    ('d0271452-4bec-4759-84ef-c62beaafdbf0', 5, 'left', 3510, 3640, 3890, 130, 250, 380),
    ('d0271452-4bec-4759-84ef-c62beaafdbf0', 6, 'right', 3671, 3860, 4830, 189, 970, 1159),
    ('d0271452-4bec-4759-84ef-c62beaafdbf0', 6, 'left', 3890, 4800, 4970, 910, 170, 1080),
    ('d0271452-4bec-4759-84ef-c62beaafdbf0', 7, 'right', 4830, 4940, 6440, 110, 1500, 1610),
    ('d0271452-4bec-4759-84ef-c62beaafdbf0', 7, 'left', 4970, 6410, 6640, 1440, 230, 1670),
    ('d0271452-4bec-4759-84ef-c62beaafdbf0', 8, 'right', 6440, 6610, 6990, 170, 380, 550),
    ('d0271452-4bec-4759-84ef-c62beaafdbf0', 8, 'left', 6640, 6960, 7090, 320, 130, 450),
    ('d0271452-4bec-4759-84ef-c62beaafdbf0', 9, 'right', 6990, 7060, 8660, 70, 1600, 1670),
    ('d0271452-4bec-4759-84ef-c62beaafdbf0', 9, 'left', 7090, 8630, 8740, 1540, 110, 1650),
    ('d0271452-4bec-4759-84ef-c62beaafdbf0', 10, 'right', 8660, 8710, 9680, 50, 970, 1020),
    ('d0271452-4bec-4759-84ef-c62beaafdbf0', 10, 'left', 8740, 9650, 9890, 910, 240, 1150),
    ('d0271452-4bec-4759-84ef-c62beaafdbf0', 11, 'right', 9680, 9860, 10230, 180, 370, 550),
    ('d0271452-4bec-4759-84ef-c62beaafdbf0', 11, 'left', 9890, 10200, 10420, 310, 220, 530),
    ('d0271452-4bec-4759-84ef-c62beaafdbf0', 12, 'right', 10230, 10390, 10790, 160, 400, 560),
    ('d0271452-4bec-4759-84ef-c62beaafdbf0', 12, 'left', 10420, 10760, 11060, 340, 300, 640),
    ('d0271452-4bec-4759-84ef-c62beaafdbf0', 13, 'right', 10790, 11030, 11370, 240, 340, 580),
    ('d0271452-4bec-4759-84ef-c62beaafdbf0', 13, 'left', 11060, 11340, 11600, 280, 260, 540),
    ('d0271452-4bec-4759-84ef-c62beaafdbf0', 14, 'right', 11370, 11570, 11940, 200, 370, 570),
    ('d0271452-4bec-4759-84ef-c62beaafdbf0', 14, 'left', 11600, 11910, 12230, 310, 320, 630),
    ('d0271452-4bec-4759-84ef-c62beaafdbf0', 15, 'right', 11940, 12200, 12490, 260, 290, 550),
    ('d0271452-4bec-4759-84ef-c62beaafdbf0', 15, 'left', 12230, 12460, 12830, 230, 370, 600),
    ('d0271452-4bec-4759-84ef-c62beaafdbf0', 16, 'right', 12490, 12800, 13060, 310, 260, 570),
    ('d0271452-4bec-4759-84ef-c62beaafdbf0', 16, 'left', 12830, 13030, 13400, 200, 370, 570),
    ('d0271452-4bec-4759-84ef-c62beaafdbf0', 17, 'right', 13060, 13370, 13640, 310, 270, 580),
    ('d0271452-4bec-4759-84ef-c62beaafdbf0', 17, 'left', 13400, 13610, 13980, 210, 370, 580),
    ('d0271452-4bec-4759-84ef-c62beaafdbf0', 18, 'right', 13640, 13950, 14220, 310, 270, 580),
    ('d0271452-4bec-4759-84ef-c62beaafdbf0', 18, 'left', 13980, 14190, 14550, 210, 360, 570),
    ('d0271452-4bec-4759-84ef-c62beaafdbf0', 19, 'right', 14220, 14520, 14800, 300, 280, 580),
    ('d0271452-4bec-4759-84ef-c62beaafdbf0', 19, 'left', 14550, 14770, 15120, 220, 350, 570),
    ('d0271452-4bec-4759-84ef-c62beaafdbf0', 20, 'right', 14800, 15090, 15380, 290, 290, 580),
    ('d0271452-4bec-4759-84ef-c62beaafdbf0', 20, 'left', 15120, 15350, 15710, 230, 360, 590),
    ('d0271452-4bec-4759-84ef-c62beaafdbf0', 21, 'right', 15380, 15680, 16020, 300, 340, 640),
    ('d0271452-4bec-4759-84ef-c62beaafdbf0', 21, 'left', 15710, 15990, 16270, 280, 280, 560),
    ('d0271452-4bec-4759-84ef-c62beaafdbf0', 22, 'right', 16020, 16240, 16570, 220, 330, 550),
    ('d0271452-4bec-4759-84ef-c62beaafdbf0', 22, 'left', 16270, 16540, 16960, 270, 420, 690),
    ('86fb3baf-264d-4047-ad17-d97be11eaec3', 1, 'right', 0, 2300, 2370, 2300, 70, 2370),
    ('86fb3baf-264d-4047-ad17-d97be11eaec3', 1, 'left', 2330, 2340, 2560, 10, 220, 230),
    ('86fb3baf-264d-4047-ad17-d97be11eaec3', 2, 'right', 2370, 2530, 2690, 160, 160, 320),
    ('86fb3baf-264d-4047-ad17-d97be11eaec3', 2, 'left', 2560, 2660, 3250, 100, 590, 690),
    ('86fb3baf-264d-4047-ad17-d97be11eaec3', 3, 'right', 2690, 3220, 8110, 530, 4890, 5420),
    ('86fb3baf-264d-4047-ad17-d97be11eaec3', 3, 'left', 3250, 8080, 9240, 4830, 1160, 5990),
    ('86fb3baf-264d-4047-ad17-d97be11eaec3', 4, 'right', 8110, 9210, 10040, 1100, 830, 1930),
    ('86fb3baf-264d-4047-ad17-d97be11eaec3', 4, 'left', 9240, 10010, 10350, 770, 340, 1110),
    ('86fb3baf-264d-4047-ad17-d97be11eaec3', 5, 'right', 10040, 10320, 10490, 280, 170, 450),
    ('86fb3baf-264d-4047-ad17-d97be11eaec3', 5, 'left', 10350, 10460, 10850, 110, 390, 500),
    ('86fb3baf-264d-4047-ad17-d97be11eaec3', 6, 'right', 10490, 10820, 11000, 330, 180, 510),
    ('86fb3baf-264d-4047-ad17-d97be11eaec3', 6, 'left', 10850, 10970, 11290, 120, 320, 440),
    ('86fb3baf-264d-4047-ad17-d97be11eaec3', 7, 'right', 11000, 11260, 11540, 260, 280, 540),
    ('86fb3baf-264d-4047-ad17-d97be11eaec3', 7, 'left', 11290, 11510, 11790, 220, 280, 500),
    ('86fb3baf-264d-4047-ad17-d97be11eaec3', 8, 'right', 11540, 11760, 12070, 220, 310, 530),
    ('86fb3baf-264d-4047-ad17-d97be11eaec3', 8, 'left', 11790, 12040, 12310, 250, 270, 520),
    ('86fb3baf-264d-4047-ad17-d97be11eaec3', 9, 'right', 12070, 12280, 12590, 210, 310, 520),
    ('86fb3baf-264d-4047-ad17-d97be11eaec3', 9, 'left', 12310, 12560, 12810, 250, 250, 500),
    ('86fb3baf-264d-4047-ad17-d97be11eaec3', 10, 'right', 12590, 12780, 13120, 190, 340, 530),
    ('86fb3baf-264d-4047-ad17-d97be11eaec3', 10, 'left', 12810, 13090, 13370, 280, 280, 560),
    ('86fb3baf-264d-4047-ad17-d97be11eaec3', 11, 'right', 13120, 13340, 13650, 220, 310, 530),
    ('86fb3baf-264d-4047-ad17-d97be11eaec3', 11, 'left', 13370, 13620, 13900, 250, 280, 530),
    ('86fb3baf-264d-4047-ad17-d97be11eaec3', 12, 'right', 13650, 13870, 14180, 220, 310, 530),
    ('86fb3baf-264d-4047-ad17-d97be11eaec3', 12, 'left', 13900, 14150, 14410, 250, 260, 510),
    ('86fb3baf-264d-4047-ad17-d97be11eaec3', 13, 'right', 14180, 14380, 14700, 200, 320, 520),
    ('86fb3baf-264d-4047-ad17-d97be11eaec3', 13, 'left', 14410, 14670, 14930, 260, 260, 520),
    ('86fb3baf-264d-4047-ad17-d97be11eaec3', 14, 'right', 14700, 14900, 15220, 200, 320, 520),
    ('86fb3baf-264d-4047-ad17-d97be11eaec3', 14, 'left', 14930, 15190, 15450, 260, 260, 520),
    ('86fb3baf-264d-4047-ad17-d97be11eaec3', 15, 'right', 15220, 15420, 15800, 200, 380, 580),
    ('86fb3baf-264d-4047-ad17-d97be11eaec3', 15, 'left', 15450, 15770, 15970, 320, 200, 520),
    ('86fb3baf-264d-4047-ad17-d97be11eaec3', 16, 'right', 15800, 15940, 16330, 140, 390, 530),
    ('86fb3baf-264d-4047-ad17-d97be11eaec3', 16, 'left', 15970, 16300, 16520, 330, 220, 550),
    ('86fb3baf-264d-4047-ad17-d97be11eaec3', 17, 'right', 16330, 16490, 16850, 160, 360, 520),
    ('86fb3baf-264d-4047-ad17-d97be11eaec3', 17, 'left', 16520, 16820, 17070, 300, 250, 550),
    ('86fb3baf-264d-4047-ad17-d97be11eaec3', 18, 'right', 16850, 17040, 17370, 190, 330, 520),
    ('86fb3baf-264d-4047-ad17-d97be11eaec3', 18, 'left', 17070, 17340, 17580, 270, 240, 510),
    ('86fb3baf-264d-4047-ad17-d97be11eaec3', 19, 'right', 17370, 17550, 17910, 180, 360, 540),
    ('86fb3baf-264d-4047-ad17-d97be11eaec3', 19, 'left', 17580, 17880, 18110, 300, 230, 530),
    ('86fb3baf-264d-4047-ad17-d97be11eaec3', 20, 'right', 17910, 18080, 18430, 170, 350, 520),
    ('86fb3baf-264d-4047-ad17-d97be11eaec3', 20, 'left', 18110, 18400, 18620, 290, 220, 510),
    ('86fb3baf-264d-4047-ad17-d97be11eaec3', 21, 'right', 18430, 18590, 18970, 160, 380, 540),
    ('86fb3baf-264d-4047-ad17-d97be11eaec3', 21, 'left', 18620, 18940, 19350, 320, 410, 730),
    ('86fb3baf-264d-4047-ad17-d97be11eaec3', 22, 'right', 18970, 19150, 19180, 180, 30, 210),
    ('acf9da17-bf30-4eb2-8494-3d641de4301b', 1, 'right', 0, 1969, 2699, 1969, 730, 2699),
    ('acf9da17-bf30-4eb2-8494-3d641de4301b', 1, 'left', 2029, 2639, 4389, 610, 1750, 2360),
    ('acf9da17-bf30-4eb2-8494-3d641de4301b', 2, 'right', 2699, 4329, 4539, 1630, 210, 1840),
    ('acf9da17-bf30-4eb2-8494-3d641de4301b', 2, 'left', 4389, 4479, 4969, 90, 490, 580),
    ('acf9da17-bf30-4eb2-8494-3d641de4301b', 3, 'right', 4539, 4909, 5109, 370, 200, 570),
    ('acf9da17-bf30-4eb2-8494-3d641de4301b', 3, 'left', 4969, 5049, 5549, 80, 500, 580),
    ('acf9da17-bf30-4eb2-8494-3d641de4301b', 4, 'right', 5109, 5489, 5699, 380, 210, 590),
    ('acf9da17-bf30-4eb2-8494-3d641de4301b', 4, 'left', 5549, 5639, 6069, 90, 430, 520),
    ('acf9da17-bf30-4eb2-8494-3d641de4301b', 5, 'right', 5699, 5999, 6279, 300, 280, 580),
    ('acf9da17-bf30-4eb2-8494-3d641de4301b', 5, 'left', 6069, 6219, 6649, 150, 430, 580),
    ('acf9da17-bf30-4eb2-8494-3d641de4301b', 6, 'right', 6279, 6589, 6869, 310, 280, 590),
    ('acf9da17-bf30-4eb2-8494-3d641de4301b', 6, 'left', 6649, 6809, 7309, 160, 500, 660),
    ('acf9da17-bf30-4eb2-8494-3d641de4301b', 7, 'right', 6869, 7249, 7459, 380, 210, 590),
    ('acf9da17-bf30-4eb2-8494-3d641de4301b', 7, 'left', 7309, 7399, 7839, 90, 440, 530),
    ('acf9da17-bf30-4eb2-8494-3d641de4301b', 8, 'right', 7459, 7779, 8049, 320, 270, 590),
    ('acf9da17-bf30-4eb2-8494-3d641de4301b', 8, 'left', 7839, 7989, 8419, 150, 430, 580),
    ('acf9da17-bf30-4eb2-8494-3d641de4301b', 9, 'right', 8049, 8359, 8639, 310, 280, 590),
    ('acf9da17-bf30-4eb2-8494-3d641de4301b', 9, 'left', 8419, 8579, 9009, 160, 430, 590),
    ('acf9da17-bf30-4eb2-8494-3d641de4301b', 10, 'right', 8639, 8949, 9229, 310, 280, 590),
    ('acf9da17-bf30-4eb2-8494-3d641de4301b', 10, 'left', 9009, 9169, 9589, 160, 420, 580),
    ('acf9da17-bf30-4eb2-8494-3d641de4301b', 11, 'right', 9229, 9529, 9819, 300, 290, 590),
    ('acf9da17-bf30-4eb2-8494-3d641de4301b', 11, 'left', 9589, 9759, 10179, 170, 420, 590),
    ('acf9da17-bf30-4eb2-8494-3d641de4301b', 12, 'right', 9819, 10119, 10399, 300, 280, 580),
    ('acf9da17-bf30-4eb2-8494-3d641de4301b', 12, 'left', 10179, 10339, 10749, 160, 410, 570),
    ('acf9da17-bf30-4eb2-8494-3d641de4301b', 13, 'right', 10399, 10689, 10979, 290, 290, 580),
    ('acf9da17-bf30-4eb2-8494-3d641de4301b', 13, 'left', 10749, 10919, 11329, 170, 410, 580),
    ('acf9da17-bf30-4eb2-8494-3d641de4301b', 14, 'right', 10979, 11269, 11579, 290, 310, 600),
    ('acf9da17-bf30-4eb2-8494-3d641de4301b', 14, 'left', 11329, 11519, 11939, 190, 420, 610),
    ('acf9da17-bf30-4eb2-8494-3d641de4301b', 15, 'right', 11579, 11879, 12159, 300, 280, 580),
    ('acf9da17-bf30-4eb2-8494-3d641de4301b', 15, 'left', 11939, 12099, 12519, 160, 420, 580),
    ('acf9da17-bf30-4eb2-8494-3d641de4301b', 16, 'right', 12159, 12459, 12749, 300, 290, 590),
    ('acf9da17-bf30-4eb2-8494-3d641de4301b', 16, 'left', 12519, 12689, 13099, 170, 410, 580),
    ('acf9da17-bf30-4eb2-8494-3d641de4301b', 17, 'right', 12749, 13039, 13339, 290, 300, 590),
    ('acf9da17-bf30-4eb2-8494-3d641de4301b', 17, 'left', 13099, 13279, 13699, 180, 420, 600),
    ('acf9da17-bf30-4eb2-8494-3d641de4301b', 18, 'right', 13339, 13639, 13939, 300, 300, 600),
    ('acf9da17-bf30-4eb2-8494-3d641de4301b', 18, 'left', 13699, 13879, 14289, 180, 410, 590),
    ('acf9da17-bf30-4eb2-8494-3d641de4301b', 19, 'right', 13939, 14229, 14559, 290, 330, 620),
    ('acf9da17-bf30-4eb2-8494-3d641de4301b', 19, 'left', 14289, 14499, 14869, 210, 370, 580),
    ('acf9da17-bf30-4eb2-8494-3d641de4301b', 20, 'right', 14559, 14809, 15109, 250, 300, 550),
    ('acf9da17-bf30-4eb2-8494-3d641de4301b', 20, 'left', 14869, 15049, 15449, 180, 400, 580),
    ('acf9da17-bf30-4eb2-8494-3d641de4301b', 21, 'right', 15109, 15389, 15689, 280, 300, 580),
    ('acf9da17-bf30-4eb2-8494-3d641de4301b', 21, 'left', 15449, 15629, 16059, 180, 430, 610),
    ('acf9da17-bf30-4eb2-8494-3d641de4301b', 22, 'right', 15689, 15999, 16279, 310, 280, 590),
    ('acf9da17-bf30-4eb2-8494-3d641de4301b', 22, 'left', 16059, 16219, 16639, 160, 420, 580),
    ('acf9da17-bf30-4eb2-8494-3d641de4301b', 23, 'right', 16279, 16579, 16879, 300, 300, 600),
    ('acf9da17-bf30-4eb2-8494-3d641de4301b', 23, 'left', 16639, 16819, 17259, 180, 440, 620),
    ('acf9da17-bf30-4eb2-8494-3d641de4301b', 24, 'right', 16879, 17199, 17479, 320, 280, 600),
    ('acf9da17-bf30-4eb2-8494-3d641de4301b', 24, 'left', 17259, 17419, 18319, 160, 900, 1060),
    ('acf9da17-bf30-4eb2-8494-3d641de4301b', 25, 'right', 17479, 18259, 19179, 780, 920, 1700),
    ('acf9da17-bf30-4eb2-8494-3d641de4301b', 25, 'left', 18319, 19119, 19329, 800, 210, 1010);

    -- Insert Bosco RUN record
INSERT INTO RUN (run_id, athlete_id, event_type, name, elapsed_ms) VALUES
    ('b1a2c3d4-5678-9abc-def0-111111111111', '00000000-0000-0000-0000-000000000002', 'bosco_test', 'Ben Bosco Test 1', 11090),
    ('b2a2c3d4-5678-9abc-def0-222222222222', '00000000-0000-0000-0000-000000000003', 'bosco_test', 'Michael Bosco Test 1', 11600),
    ('b3a2c3d4-5678-9abc-def0-333333333333', '00000000-0000-0000-0000-000000000003', 'bosco_test', 'Michael Bosco Test 2', 10920);

-- Insert Bosco RUN_METRICS 
INSERT INTO RUN_METRICS (run_id, stride_num, foot, ic_time, to_time, next_ic_time, gct_ms, flight_ms, step_time_ms) VALUES
    ('b1a2c3d4-5678-9abc-def0-111111111111',  1, 'right', 0,    280,  730,  280, 450, 730),
    ('b1a2c3d4-5678-9abc-def0-111111111111',  2, 'right', 730,  1010, 1480, 280, 470, 750),
    ('b1a2c3d4-5678-9abc-def0-111111111111',  3, 'right', 1480, 1730, 2220, 250, 490, 740),
    ('b1a2c3d4-5678-9abc-def0-111111111111',  4, 'right', 2220, 2450, 2970, 230, 520, 750),
    ('b1a2c3d4-5678-9abc-def0-111111111111',  5, 'right', 2970, 3190, 3740, 220, 550, 770),
    ('b1a2c3d4-5678-9abc-def0-111111111111',  6, 'right', 3740, 3980, 4510, 240, 530, 770),
    ('b1a2c3d4-5678-9abc-def0-111111111111',  7, 'right', 4510, 4760, 5270, 250, 510, 760),
    ('b1a2c3d4-5678-9abc-def0-111111111111',  8, 'right', 5270, 5530, 6020, 260, 490, 750),
    ('b1a2c3d4-5678-9abc-def0-111111111111',  9, 'right', 6020, 6290, 6760, 270, 470, 740),
    ('b1a2c3d4-5678-9abc-def0-111111111111', 10, 'right', 6760, 7050, 7500, 290, 450, 740),
    ('b1a2c3d4-5678-9abc-def0-111111111111', 11, 'right', 7500, 7800, 8230, 300, 430, 730),
    ('b1a2c3d4-5678-9abc-def0-111111111111', 12, 'right', 8230, 8540, 8950, 310, 410, 720),
    ('b1a2c3d4-5678-9abc-def0-111111111111', 13, 'right', 8950, 9280, 9670, 330, 390, 720),
    ('b1a2c3d4-5678-9abc-def0-111111111111', 14, 'right', 9670, 10010, 10380, 340, 370, 710),
    ('b1a2c3d4-5678-9abc-def0-111111111111', 15, 'right', 10380, 10730, 11090, 350, 360, 710),
    ('b2a2c3d4-5678-9abc-def0-222222222222',  1, 'right', 0,    250,  770,  250, 520, 770),
    ('b2a2c3d4-5678-9abc-def0-222222222222',  2, 'right', 770,  1010, 1550, 240, 540, 780),
    ('b2a2c3d4-5678-9abc-def0-222222222222',  3, 'right', 1550, 1780, 2350, 230, 570, 800),
    ('b2a2c3d4-5678-9abc-def0-222222222222',  4, 'right', 2350, 2570, 3160, 220, 590, 810),
    ('b2a2c3d4-5678-9abc-def0-222222222222',  5, 'right', 3160, 3370, 3970, 210, 600, 810),
    ('b2a2c3d4-5678-9abc-def0-222222222222',  6, 'right', 3970, 4180, 4770, 210, 590, 800),
    ('b2a2c3d4-5678-9abc-def0-222222222222',  7, 'right', 4770, 4990, 5560, 220, 570, 790),
    ('b2a2c3d4-5678-9abc-def0-222222222222',  8, 'right', 5560, 5790, 6340, 230, 550, 780),
    ('b2a2c3d4-5678-9abc-def0-222222222222',  9, 'right', 6340, 6580, 7110, 240, 530, 770),
    ('b2a2c3d4-5678-9abc-def0-222222222222', 10, 'right', 7110, 7360, 7880, 250, 520, 770),
    ('b2a2c3d4-5678-9abc-def0-222222222222', 11, 'right', 7880, 8140, 8640, 260, 500, 760),
    ('b2a2c3d4-5678-9abc-def0-222222222222', 12, 'right', 8640, 8910, 9390, 270, 480, 750),
    ('b2a2c3d4-5678-9abc-def0-222222222222', 13, 'right', 9390, 9670, 10130, 280, 460, 740),
    ('b2a2c3d4-5678-9abc-def0-222222222222', 14, 'right', 10130, 10420, 10870, 290, 450, 740),
    ('b2a2c3d4-5678-9abc-def0-222222222222', 15, 'right', 10870, 11170, 11600, 300, 430, 730),
    ('b3a2c3d4-5678-9abc-def0-333333333333',  1, 'right', 0,    300,  720,  300, 420, 720),
    ('b3a2c3d4-5678-9abc-def0-333333333333',  2, 'right', 720,  1000, 1480, 280, 480, 760),
    ('b3a2c3d4-5678-9abc-def0-333333333333',  3, 'right', 1480, 1790, 2200, 310, 410, 720),
    ('b3a2c3d4-5678-9abc-def0-333333333333',  4, 'right', 2200, 2460, 2970, 260, 510, 770),
    ('b3a2c3d4-5678-9abc-def0-333333333333',  5, 'right', 2970, 3280, 3680, 310, 400, 710),
    ('b3a2c3d4-5678-9abc-def0-333333333333',  6, 'right', 3680, 3920, 4450, 240, 530, 770),
    ('b3a2c3d4-5678-9abc-def0-333333333333',  7, 'right', 4450, 4760, 5170, 310, 410, 720),
    ('b3a2c3d4-5678-9abc-def0-333333333333',  8, 'right', 5170, 5420, 5910, 250, 490, 740),
    ('b3a2c3d4-5678-9abc-def0-333333333333',  9, 'right', 5910, 6230, 6620, 320, 390, 710),
    ('b3a2c3d4-5678-9abc-def0-333333333333', 10, 'right', 6620, 6880, 7360, 260, 480, 740),
    ('b3a2c3d4-5678-9abc-def0-333333333333', 11, 'right', 7360, 7690, 8070, 330, 380, 710),
    ('b3a2c3d4-5678-9abc-def0-333333333333', 12, 'right', 8070, 8340, 8800, 270, 460, 730),
    ('b3a2c3d4-5678-9abc-def0-333333333333', 13, 'right', 8800, 9140, 9510, 340, 370, 710),
    ('b3a2c3d4-5678-9abc-def0-333333333333', 14, 'right', 9510, 9810, 10210, 300, 400, 700),
    ('b3a2c3d4-5678-9abc-def0-333333333333', 15, 'right', 10210, 10560, 10920, 350, 360, 710),
    ('acf9da17-bf30-4eb2-8494-3d641de4301b', 25, 'left', 18319, 19119, 19329, 800, 210, 1010),
    ('11111111-1111-1111-1111-111111111111', 1,  'left',  0,     130,   540,   130, 410, 540),
    ('11111111-1111-1111-1111-111111111111', 1,  'right', 270,   380,   800,   110, 420, 530),
    ('11111111-1111-1111-1111-111111111111', 2,  'left',  540,   650,   1050,  110, 400, 510),
    ('11111111-1111-1111-1111-111111111111', 2,  'right', 800,   910,   1340,  110, 430, 540),
    ('11111111-1111-1111-1111-111111111111', 3,  'left',  1050,  1170,  1610,  120, 440, 560),
    ('11111111-1111-1111-1111-111111111111', 3,  'right', 1340,  1440,  1850,  100, 410, 510),
    ('11111111-1111-1111-1111-111111111111', 4,  'left',  1610,  1720,  2080,  110, 360, 470),
    ('11111111-1111-1111-1111-111111111111', 4,  'right', 1850,  1950,  2320,  100, 370, 470),
    ('11111111-1111-1111-1111-111111111111', 5,  'left',  2080,  2180,  2790,  100, 610, 710),
    ('11111111-1111-1111-1111-111111111111', 5,  'right', 2320,  2440,  2990,  120, 550, 670),
    ('11111111-1111-1111-1111-111111111111', 6,  'left',  2790,  2890,  3240,  100, 350, 450),
    ('11111111-1111-1111-1111-111111111111', 6,  'right', 2990,  3080,  3470,  90,  390, 480),
    ('11111111-1111-1111-1111-111111111111', 7,  'left',  3240,  3340,  3930,  100, 590, 690),
    ('11111111-1111-1111-1111-111111111111', 7,  'right', 3470,  3580,  4100,  110, 520, 630),
    ('11111111-1111-1111-1111-111111111111', 8,  'left',  3930,  4040,  4340,  110, 300, 410),
    ('11111111-1111-1111-1111-111111111111', 8,  'right', 4100,  4190,  4580,  90,  390, 480),
    ('11111111-1111-1111-1111-111111111111', 9,  'left',  4340,  4440,  5000,  100, 560, 660),
    ('11111111-1111-1111-1111-111111111111', 9,  'right', 4580,  4680,  5170,  100, 490, 590),
    ('11111111-1111-1111-1111-111111111111', 10, 'left',  5000,  5110,  5410,  110, 300, 410),
    ('11111111-1111-1111-1111-111111111111', 10, 'right', 5170,  5260,  5640,  90,  380, 470),
    ('11111111-1111-1111-1111-111111111111', 11, 'left',  5410,  5500,  6100,  90,  600, 690),
    ('11111111-1111-1111-1111-111111111111', 11, 'right', 5640,  5750,  6270,  110, 520, 630),
    ('11111111-1111-1111-1111-111111111111', 12, 'left',  6100,  6210,  6530,  110, 320, 430),
    ('11111111-1111-1111-1111-111111111111', 12, 'right', 6270,  6380,  6760,  110, 380, 490),
    ('11111111-1111-1111-1111-111111111111', 13, 'left',  6530,  6640,  7180,  110, 540, 650),
    ('11111111-1111-1111-1111-111111111111', 13, 'right', 6760,  6870,  7380,  110, 510, 620),
    ('11111111-1111-1111-1111-111111111111', 14, 'left',  7180,  7300,  7650,  120, 350, 470),
    ('11111111-1111-1111-1111-111111111111', 14, 'right', 7380,  7490,  7910,  110, 420, 530),
    ('11111111-1111-1111-1111-111111111111', 15, 'left',  7650,  7750,  8320,  100, 570, 670),
    ('11111111-1111-1111-1111-111111111111', 15, 'right', 7910,  8010,  8490,  100, 480, 580),
    ('11111111-1111-1111-1111-111111111111', 16, 'left',  8320,  8420,  8710,  100, 290, 390),
    ('11111111-1111-1111-1111-111111111111', 16, 'right', 8490,  8590,  8920,  100, 330, 430),
    ('11111111-1111-1111-1111-111111111111', 17, 'left',  8710,  8800,  9360,  90,  560, 650),
    ('11111111-1111-1111-1111-111111111111', 17, 'right', 8920,  9030,  9550,  110, 520, 630),
    ('11111111-1111-1111-1111-111111111111', 18, 'left',  9360,  9470,  9780,  110, 310, 420),
    ('11111111-1111-1111-1111-111111111111', 18, 'right', 9550,  9640,  10010, 90,  370, 460),
    ('11111111-1111-1111-1111-111111111111', 19, 'left',  9780,  9880,  10460, 100, 580, 680),
    ('11111111-1111-1111-1111-111111111111', 19, 'right', 10010, 10130, 10640, 120, 510, 630),
    ('11111111-1111-1111-1111-111111111111', 20, 'left',  10460, 10580, 10880, 120, 300, 420),
    ('11111111-1111-1111-1111-111111111111', 20, 'right', 10640, 10750, 11120, 110, 370, 480),
    ('11111111-1111-1111-1111-111111111111', 21, 'left',  10880, 10990, 11560, 110, 570, 680),
    ('11111111-1111-1111-1111-111111111111', 21, 'right', 11120, 11220, 11750, 100, 530, 630),
    ('11111111-1111-1111-1111-111111111111', 22, 'left',  11560, 11670, 12020, 110, 350, 460),
    ('11111111-1111-1111-1111-111111111111', 22, 'right', 11750, 11860, 12250, 110, 390, 500),
    ('11111111-1111-1111-1111-111111111111', 23, 'left',  12020, 12110, 12670, 90,  560, 650),
    ('11111111-1111-1111-1111-111111111111', 23, 'right', 12250, 12350, 12830, 100, 480, 580),
    ('11111111-1111-1111-1111-111111111111', 24, 'left',  12670, 12770, 13110, 100, 340, 440),
    ('11111111-1111-1111-1111-111111111111', 24, 'right', 12830, 12930, 13420, 100, 490, 590),
    ('11111111-1111-1111-1111-111111111111', 25, 'left',  13110, 13200, 13730, 90,  530, 620),
    ('11111111-1111-1111-1111-111111111111', 25, 'right', 13420, 13510, 14040, 90,  530, 620),
    ('11111111-1111-1111-1111-111111111111', 26, 'left',  13730, 13840, 14320, 110, 480, 590);

INSERT INTO RUN_METRICS (run_id, stride_num, foot, ic_time, to_time, next_ic_time, gct_ms, flight_ms, step_time_ms) VALUES
    ('22222222-2222-2222-2222-222222222222',  1, 'left',      0,   145,   535,  145,  390,  535),
    ('22222222-2222-2222-2222-222222222222',  1, 'right',   275,   390,   800,  115,  410,  525),
    ('22222222-2222-2222-2222-222222222222',  2, 'left',    535,   645,  1055,  110,  410,  520),
    ('22222222-2222-2222-2222-222222222222',  2, 'right',   800,   905,  1310,  105,  405,  510),
    ('22222222-2222-2222-2222-222222222222',  3, 'left',   1055,  1160,  1580,  105,  420,  525),
    ('22222222-2222-2222-2222-222222222222',  3, 'right',  1310,  1410,  1830,  100,  420,  520),
    ('22222222-2222-2222-2222-222222222222',  4, 'left',   1580,  1680,  2060,  100,  380,  480),
    ('22222222-2222-2222-2222-222222222222',  4, 'right',  1830,  1930,  2290,  100,  360,  460),
    ('22222222-2222-2222-2222-222222222222',  5, 'left',   2060,  2160,  2740,  100,  580,  680),
    ('22222222-2222-2222-2222-222222222222',  5, 'right',  2290,  2380,  2940,   90,  560,  650),
    ('22222222-2222-2222-2222-222222222222',  6, 'left',   2740,  2840,  3190,  100,  350,  450),
    ('22222222-2222-2222-2222-222222222222',  6, 'right',  2940,  3030,  3370,   90,  340,  430),
    ('22222222-2222-2222-2222-222222222222',  7, 'left',   3190,  3290,  3830,  100,  540,  640),
    ('22222222-2222-2222-2222-222222222222',  7, 'right',  3370,  3460,  4020,   90,  560,  650),
    ('22222222-2222-2222-2222-222222222222',  8, 'left',   3830,  3930,  4270,  100,  340,  440),
    ('22222222-2222-2222-2222-222222222222',  8, 'right',  4020,  4110,  4440,   90,  330,  420),
    ('22222222-2222-2222-2222-222222222222',  9, 'left',   4270,  4370,  4900,  100,  530,  630),
    ('22222222-2222-2222-2222-222222222222',  9, 'right',  4440,  4530,  5090,   90,  560,  650),
    ('22222222-2222-2222-2222-222222222222', 10, 'left',   4900,  5000,  5340,  100,  340,  440),
    ('22222222-2222-2222-2222-222222222222', 10, 'right',  5090,  5180,  5505,   90,  325,  415),
    ('22222222-2222-2222-2222-222222222222', 11, 'left',   5340,  5435,  5960,   95,  525,  620),
    ('22222222-2222-2222-2222-222222222222', 11, 'right',  5505,  5595,  6150,   90,  555,  645),
    ('22222222-2222-2222-2222-222222222222', 12, 'left',   5960,  6060,  6400,  100,  340,  440),
    ('22222222-2222-2222-2222-222222222222', 12, 'right',  6150,  6240,  6565,   90,  325,  415),
    ('22222222-2222-2222-2222-222222222222', 13, 'left',   6400,  6495,  7020,   95,  525,  620),
    ('22222222-2222-2222-2222-222222222222', 13, 'right',  6565,  6655,  7200,   90,  545,  635),
    ('22222222-2222-2222-2222-222222222222', 14, 'left',   7020,  7135,  7500,  115,  365,  480),
    ('22222222-2222-2222-2222-222222222222', 14, 'right',  7200,  7310,  7690,  110,  380,  490);


-- Seed athlete: Rishi Kamtam
INSERT INTO athletes (athlete_id, coach_id, name, height_in, weight_lbs, gender)
VALUES (
    '00000000-0000-0000-0000-000000000004',
    '00000000-0000-0000-0000-000000000001',
    'Rishi Kamtam',
    65,
    132,
    'male'
);

-- Insert long jump RUN records
INSERT INTO RUN (run_id, athlete_id, event_type, name, elapsed_ms) VALUES
    ('aaaaaaaa-0001-4000-8000-000000000001', '00000000-0000-0000-0000-000000000004', 'long_jump', 'Rishi Long Jump Attempt 1', 6100),
    ('aaaaaaaa-0002-4000-8000-000000000002', '00000000-0000-0000-0000-000000000004', 'long_jump', 'Rishi Long Jump Attempt 2', 6100);

-- Insert long jump RUN_METRICS
INSERT INTO RUN_METRICS (run_id, stride_num, foot, ic_time, to_time, next_ic_time, gct_ms, flight_ms, step_time_ms) VALUES
    ('aaaaaaaa-0001-4000-8000-000000000001', 1, 'left', 0, 190, 630, 190, 440, 630),
    ('aaaaaaaa-0001-4000-8000-000000000001', 1, 'right', 310, 490, 910, 180, 420, 600),
    ('aaaaaaaa-0001-4000-8000-000000000001', 2, 'left', 630, 790, 1200, 160, 410, 570),
    ('aaaaaaaa-0001-4000-8000-000000000001', 2, 'right', 910, 1070, 1480, 160, 410, 570),
    ('aaaaaaaa-0001-4000-8000-000000000001', 3, 'left', 1200, 1360, 1780, 160, 420, 580),
    ('aaaaaaaa-0001-4000-8000-000000000001', 3, 'right', 1480, 1640, 2080, 160, 440, 600),
    ('aaaaaaaa-0001-4000-8000-000000000001', 4, 'left', 1780, 1940, 2350, 160, 410, 570),
    ('aaaaaaaa-0001-4000-8000-000000000001', 4, 'right', 2080, 2230, 2620, 150, 390, 540),
    ('aaaaaaaa-0001-4000-8000-000000000001', 5, 'left', 2350, 2500, 2900, 150, 400, 550),
    ('aaaaaaaa-0001-4000-8000-000000000001', 5, 'right', 2620, 2770, 3160, 150, 390, 540),
    ('aaaaaaaa-0001-4000-8000-000000000001', 6, 'left', 2900, 3040, 3440, 140, 400, 540),
    ('aaaaaaaa-0001-4000-8000-000000000001', 6, 'right', 3160, 3310, 3710, 150, 400, 550),
    ('aaaaaaaa-0001-4000-8000-000000000001', 7, 'left', 3440, 3580, 3980, 140, 400, 540),
    ('aaaaaaaa-0001-4000-8000-000000000001', 7, 'right', 3710, 3850, 4250, 140, 400, 540),
    ('aaaaaaaa-0001-4000-8000-000000000001', 8, 'left', 3980, 4120, 4510, 140, 390, 530),
    ('aaaaaaaa-0001-4000-8000-000000000001', 8, 'right', 4250, 4380, 4740, 130, 360, 490),
    ('aaaaaaaa-0001-4000-8000-000000000001', 9, 'left', 4510, 4620, 5570, 110, 950, 1060),
    ('aaaaaaaa-0001-4000-8000-000000000001', 9, 'right', 4740, 4830, 5590, 90, 760, 850),
    ('aaaaaaaa-0001-4000-8000-000000000001', 10, 'left', 5570, 5950, 5950, 380, 0, 380),
    ('aaaaaaaa-0001-4000-8000-000000000001', 10, 'right', 5590, 5940, 5940, 350, 0, 350),
    ('aaaaaaaa-0002-4000-8000-000000000002', 1, 'left', 0, 200, 640, 200, 440, 640),
    ('aaaaaaaa-0002-4000-8000-000000000002', 1, 'right', 340, 520, 940, 180, 420, 600),
    ('aaaaaaaa-0002-4000-8000-000000000002', 2, 'left', 640, 810, 1220, 170, 410, 580),
    ('aaaaaaaa-0002-4000-8000-000000000002', 2, 'right', 940, 1100, 1500, 160, 400, 560),
    ('aaaaaaaa-0002-4000-8000-000000000002', 3, 'left', 1220, 1390, 1790, 170, 400, 570),
    ('aaaaaaaa-0002-4000-8000-000000000002', 3, 'right', 1500, 1660, 2100, 160, 440, 600),
    ('aaaaaaaa-0002-4000-8000-000000000002', 4, 'left', 1790, 1960, 2390, 170, 430, 600),
    ('aaaaaaaa-0002-4000-8000-000000000002', 4, 'right', 2100, 2260, 2670, 160, 410, 570),
    ('aaaaaaaa-0002-4000-8000-000000000002', 5, 'left', 2390, 2540, 2950, 150, 410, 560),
    ('aaaaaaaa-0002-4000-8000-000000000002', 5, 'right', 2670, 2810, 3240, 140, 430, 570),
    ('aaaaaaaa-0002-4000-8000-000000000002', 6, 'left', 2950, 3110, 3520, 160, 410, 570),
    ('aaaaaaaa-0002-4000-8000-000000000002', 6, 'right', 3240, 3380, 3810, 140, 430, 570),
    ('aaaaaaaa-0002-4000-8000-000000000002', 7, 'left', 3520, 3670, 4100, 150, 430, 580),
    ('aaaaaaaa-0002-4000-8000-000000000002', 7, 'right', 3810, 3960, 4380, 150, 420, 570),
    ('aaaaaaaa-0002-4000-8000-000000000002', 8, 'left', 4100, 4240, 4640, 140, 400, 540),
    ('aaaaaaaa-0002-4000-8000-000000000002', 8, 'right', 4380, 4500, 4890, 120, 390, 510),
    ('aaaaaaaa-0002-4000-8000-000000000002', 9, 'left', 4640, 4750, 5690, 110, 940, 1050),
    ('aaaaaaaa-0002-4000-8000-000000000002', 9, 'right', 4890, 4980, 5710, 90, 730, 820),
    ('aaaaaaaa-0002-4000-8000-000000000002', 10, 'left', 5690, 6060, 6060, 370, 0, 370),
    ('aaaaaaaa-0002-4000-8000-000000000002', 10, 'right', 5710, 6100, 6100, 390, 0, 390);

-- Insert triple jump RUN records
INSERT INTO RUN (run_id, athlete_id, event_type, name, elapsed_ms) VALUES
    ('bbbbbbbb-0001-4000-8000-000000000001', '00000000-0000-0000-0000-000000000004', 'triple_jump', 'Rishi Triple Jump Attempt 1', 4410),
    ('bbbbbbbb-0002-4000-8000-000000000002', '00000000-0000-0000-0000-000000000004', 'triple_jump', 'Rishi Triple Jump Attempt 2', 4420);

-- Insert triple jump RUN_METRICS
INSERT INTO RUN_METRICS (run_id, stride_num, foot, ic_time, to_time, next_ic_time, gct_ms, flight_ms, step_time_ms) VALUES
    ('bbbbbbbb-0001-4000-8000-000000000001', 1, 'left', 0, 180, 600, 180, 420, 600),
    ('bbbbbbbb-0001-4000-8000-000000000001', 1, 'right', 310, 470, 890, 160, 420, 580),
    ('bbbbbbbb-0001-4000-8000-000000000001', 2, 'left', 600, 750, 1160, 150, 410, 560),
    ('bbbbbbbb-0001-4000-8000-000000000001', 2, 'right', 890, 1030, 1440, 140, 410, 550),
    ('bbbbbbbb-0001-4000-8000-000000000001', 3, 'left', 1160, 1300, 1700, 140, 400, 540),
    ('bbbbbbbb-0001-4000-8000-000000000001', 3, 'right', 1440, 1580, 1960, 140, 380, 520),
    ('bbbbbbbb-0001-4000-8000-000000000001', 4, 'left', 1700, 1820, 2190, 120, 370, 490),
    ('bbbbbbbb-0001-4000-8000-000000000001', 4, 'right', 1960, 2060, 2430, 100, 370, 470),
    ('bbbbbbbb-0001-4000-8000-000000000001', 5, 'left', 2190, 2300, 3440, 110, 1140, 1250),
    ('bbbbbbbb-0001-4000-8000-000000000001', 5, 'right', 2430, 2530, 2950, 100, 420, 520),
    ('bbbbbbbb-0001-4000-8000-000000000001', 6, 'right', 2950, 3090, 4050, 140, 960, 1100),
    ('bbbbbbbb-0001-4000-8000-000000000001', 6, 'left', 3440, 3590, 4030, 150, 440, 590),
    ('bbbbbbbb-0001-4000-8000-000000000001', 7, 'left', 4030, 4450, 4450, 420, 0, 420),
    ('bbbbbbbb-0001-4000-8000-000000000001', 7, 'right', 4050, 4410, 4410, 360, 0, 360),
    ('bbbbbbbb-0002-4000-8000-000000000002', 1, 'left', 0, 190, 600, 190, 410, 600),
    ('bbbbbbbb-0002-4000-8000-000000000002', 1, 'right', 300, 460, 880, 160, 420, 580),
    ('bbbbbbbb-0002-4000-8000-000000000002', 2, 'left', 600, 750, 1160, 150, 410, 560),
    ('bbbbbbbb-0002-4000-8000-000000000002', 2, 'right', 880, 1020, 1420, 140, 400, 540),
    ('bbbbbbbb-0002-4000-8000-000000000002', 3, 'left', 1160, 1300, 1690, 140, 390, 530),
    ('bbbbbbbb-0002-4000-8000-000000000002', 3, 'right', 1420, 1550, 1920, 130, 370, 500),
    ('bbbbbbbb-0002-4000-8000-000000000002', 4, 'left', 1690, 1810, 2150, 120, 340, 460),
    ('bbbbbbbb-0002-4000-8000-000000000002', 4, 'right', 1920, 2020, 2380, 100, 360, 460),
    ('bbbbbbbb-0002-4000-8000-000000000002', 5, 'left', 2150, 2260, 3440, 110, 1180, 1290),
    ('bbbbbbbb-0002-4000-8000-000000000002', 5, 'right', 2380, 2490, 2940, 110, 450, 560),
    ('bbbbbbbb-0002-4000-8000-000000000002', 6, 'right', 2940, 3080, 4050, 140, 970, 1110),
    ('bbbbbbbb-0002-4000-8000-000000000002', 6, 'left', 3440, 3600, 4030, 160, 430, 590),
    ('bbbbbbbb-0002-4000-8000-000000000002', 7, 'left', 4030, 4430, 4430, 400, 0, 400),
    ('bbbbbbbb-0002-4000-8000-000000000002', 7, 'right', 4050, 4420, 4420, 370, 0, 370);

-- Female athlete: Olga Almazova (400m hurdles) 
-- Seed athlete
INSERT INTO athletes (athlete_id, coach_id, name, height_in, weight_lbs, gender)
VALUES (
    '00000000-0000-0000-0000-000000000005',
    '00000000-0000-0000-0000-000000000001',
    'Olga Almazova',
    66,
    135,
    'female'
);
 
-- 400m hurdles run (women's, 62.5 s)
INSERT INTO RUN (run_id, athlete_id, event_type, name, elapsed_ms) VALUES
    ('cc111111-1111-1111-1111-111111111111',
     '00000000-0000-0000-0000-000000000005',
     'hurdles_400m',
     'Olga 400mH Run 1',
     62500);
 
-- Stride metrics (285 rows, strictly alternating feet, 10 hurdle clearances)
INSERT INTO RUN_METRICS (run_id, stride_num, foot, ic_time, to_time, next_ic_time, gct_ms, flight_ms, step_time_ms) VALUES
    ('cc111111-1111-1111-1111-111111111111', 1, 'left', 0, 145, 439, 145, 294, 439),
    ('cc111111-1111-1111-1111-111111111111', 1, 'right', 219, 351, 634, 132, 283, 415),
    ('cc111111-1111-1111-1111-111111111111', 2, 'left', 439, 570, 827, 131, 257, 388),
    ('cc111111-1111-1111-1111-111111111111', 2, 'right', 634, 769, 1018, 135, 249, 384),
    ('cc111111-1111-1111-1111-111111111111', 3, 'left', 827, 952, 1245, 125, 293, 418),
    ('cc111111-1111-1111-1111-111111111111', 3, 'right', 1018, 1162, 1454, 144, 292, 436),
    ('cc111111-1111-1111-1111-111111111111', 4, 'left', 1245, 1399, 1694, 154, 295, 449),
    ('cc111111-1111-1111-1111-111111111111', 4, 'right', 1454, 1613, 1902, 159, 289, 448),
    ('cc111111-1111-1111-1111-111111111111', 5, 'left', 1694, 1826, 2148, 132, 322, 454),
    ('cc111111-1111-1111-1111-111111111111', 5, 'right', 1902, 2061, 2354, 159, 293, 452),
    ('cc111111-1111-1111-1111-111111111111', 6, 'left', 2148, 2281, 2561, 133, 280, 413),
    ('cc111111-1111-1111-1111-111111111111', 6, 'right', 2354, 2498, 2769, 144, 271, 415),
    ('cc111111-1111-1111-1111-111111111111', 7, 'left', 2561, 2690, 2986, 129, 296, 425),
    ('cc111111-1111-1111-1111-111111111111', 7, 'right', 2769, 2900, 3182, 131, 282, 413),
    ('cc111111-1111-1111-1111-111111111111', 8, 'left', 2986, 3127, 3390, 141, 263, 404),
    ('cc111111-1111-1111-1111-111111111111', 8, 'right', 3182, 3335, 3610, 153, 275, 428),
    ('cc111111-1111-1111-1111-111111111111', 9, 'left', 3390, 3540, 3807, 150, 267, 417),
    ('cc111111-1111-1111-1111-111111111111', 9, 'right', 3610, 3755, 4029, 145, 274, 419),
    ('cc111111-1111-1111-1111-111111111111', 10, 'left', 3807, 3944, 4226, 137, 282, 419),
    ('cc111111-1111-1111-1111-111111111111', 10, 'right', 4029, 4149, 4432, 120, 283, 403),
    ('cc111111-1111-1111-1111-111111111111', 11, 'left', 4226, 4359, 4641, 133, 282, 415),
    ('cc111111-1111-1111-1111-111111111111', 11, 'right', 4432, 4586, 4873, 154, 287, 441),
    ('cc111111-1111-1111-1111-111111111111', 12, 'left', 4641, 4790, 5093, 149, 303, 452),
    ('cc111111-1111-1111-1111-111111111111', 12, 'right', 4873, 5005, 5295, 132, 290, 422),
    ('cc111111-1111-1111-1111-111111111111', 13, 'left', 5093, 5242, 5495, 149, 253, 402),
    ('cc111111-1111-1111-1111-111111111111', 13, 'right', 5295, 5437, 5688, 142, 251, 393),
    ('cc111111-1111-1111-1111-111111111111', 14, 'left', 5495, 5628, 5924, 133, 296, 429),
    ('cc111111-1111-1111-1111-111111111111', 14, 'right', 5688, 5836, 6419, 148, 583, 731),
    ('cc111111-1111-1111-1111-111111111111', 15, 'left', 5924, 6055, 6602, 131, 547, 678),
    ('cc111111-1111-1111-1111-111111111111', 15, 'right', 6419, 6550, 6780, 131, 230, 361),
    ('cc111111-1111-1111-1111-111111111111', 16, 'left', 6602, 6729, 6990, 127, 261, 388),
    ('cc111111-1111-1111-1111-111111111111', 16, 'right', 6780, 6910, 7191, 130, 281, 411),
    ('cc111111-1111-1111-1111-111111111111', 17, 'left', 6990, 7136, 7428, 146, 292, 438),
    ('cc111111-1111-1111-1111-111111111111', 17, 'right', 7191, 7338, 7612, 147, 274, 421),
    ('cc111111-1111-1111-1111-111111111111', 18, 'left', 7428, 7553, 7840, 125, 287, 412),
    ('cc111111-1111-1111-1111-111111111111', 18, 'right', 7612, 7751, 8034, 139, 283, 422),
    ('cc111111-1111-1111-1111-111111111111', 19, 'left', 7840, 7960, 8233, 120, 273, 393),
    ('cc111111-1111-1111-1111-111111111111', 19, 'right', 8034, 8175, 8461, 141, 286, 427),
    ('cc111111-1111-1111-1111-111111111111', 20, 'left', 8233, 8386, 8646, 153, 260, 413),
    ('cc111111-1111-1111-1111-111111111111', 20, 'right', 8461, 8593, 8869, 132, 276, 408),
    ('cc111111-1111-1111-1111-111111111111', 21, 'left', 8646, 8806, 9083, 160, 277, 437),
    ('cc111111-1111-1111-1111-111111111111', 21, 'right', 8869, 9017, 9312, 148, 295, 443),
    ('cc111111-1111-1111-1111-111111111111', 22, 'left', 9083, 9237, 9512, 154, 275, 429),
    ('cc111111-1111-1111-1111-111111111111', 22, 'right', 9312, 9440, 9715, 128, 275, 403),
    ('cc111111-1111-1111-1111-111111111111', 23, 'left', 9512, 9662, 9931, 150, 269, 419),
    ('cc111111-1111-1111-1111-111111111111', 23, 'right', 9715, 9843, 10148, 128, 305, 433),
    ('cc111111-1111-1111-1111-111111111111', 24, 'left', 9931, 10060, 10351, 129, 291, 420),
    ('cc111111-1111-1111-1111-111111111111', 24, 'right', 10148, 10294, 10534, 146, 240, 386),
    ('cc111111-1111-1111-1111-111111111111', 25, 'left', 10351, 10477, 10731, 126, 254, 380),
    ('cc111111-1111-1111-1111-111111111111', 25, 'right', 10534, 10663, 10923, 129, 260, 389),
    ('cc111111-1111-1111-1111-111111111111', 26, 'left', 10731, 10862, 11387, 131, 525, 656),
    ('cc111111-1111-1111-1111-111111111111', 26, 'right', 10923, 11069, 11605, 146, 536, 682),
    ('cc111111-1111-1111-1111-111111111111', 27, 'left', 11387, 11520, 11826, 133, 306, 439),
    ('cc111111-1111-1111-1111-111111111111', 27, 'right', 11605, 11745, 12026, 140, 281, 421),
    ('cc111111-1111-1111-1111-111111111111', 28, 'left', 11826, 11960, 12226, 134, 266, 400),
    ('cc111111-1111-1111-1111-111111111111', 28, 'right', 12026, 12153, 12411, 127, 258, 385),
    ('cc111111-1111-1111-1111-111111111111', 29, 'left', 12226, 12357, 12631, 131, 274, 405),
    ('cc111111-1111-1111-1111-111111111111', 29, 'right', 12411, 12563, 12838, 152, 275, 427),
    ('cc111111-1111-1111-1111-111111111111', 30, 'left', 12631, 12751, 13032, 120, 281, 401),
    ('cc111111-1111-1111-1111-111111111111', 30, 'right', 12838, 12961, 13239, 123, 278, 401),
    ('cc111111-1111-1111-1111-111111111111', 31, 'left', 13032, 13165, 13455, 133, 290, 423),
    ('cc111111-1111-1111-1111-111111111111', 31, 'right', 13239, 13384, 13674, 145, 290, 435),
    ('cc111111-1111-1111-1111-111111111111', 32, 'left', 13455, 13600, 13893, 145, 293, 438),
    ('cc111111-1111-1111-1111-111111111111', 32, 'right', 13674, 13820, 14102, 146, 282, 428),
    ('cc111111-1111-1111-1111-111111111111', 33, 'left', 13893, 14047, 14285, 154, 238, 392),
    ('cc111111-1111-1111-1111-111111111111', 33, 'right', 14102, 14233, 14503, 131, 270, 401),
    ('cc111111-1111-1111-1111-111111111111', 34, 'left', 14285, 14428, 14715, 143, 287, 430),
    ('cc111111-1111-1111-1111-111111111111', 34, 'right', 14503, 14651, 14918, 148, 267, 415),
    ('cc111111-1111-1111-1111-111111111111', 35, 'left', 14715, 14854, 15113, 139, 259, 398),
    ('cc111111-1111-1111-1111-111111111111', 35, 'right', 14918, 15057, 15316, 139, 259, 398),
    ('cc111111-1111-1111-1111-111111111111', 36, 'left', 15113, 15253, 15525, 140, 272, 412),
    ('cc111111-1111-1111-1111-111111111111', 36, 'right', 15316, 15451, 15741, 135, 290, 425),
    ('cc111111-1111-1111-1111-111111111111', 37, 'left', 15525, 15663, 15944, 138, 281, 419),
    ('cc111111-1111-1111-1111-111111111111', 37, 'right', 15741, 15866, 16422, 125, 556, 681),
    ('cc111111-1111-1111-1111-111111111111', 38, 'left', 15944, 16090, 16628, 146, 538, 684),
    ('cc111111-1111-1111-1111-111111111111', 38, 'right', 16422, 16546, 16836, 124, 290, 414),
    ('cc111111-1111-1111-1111-111111111111', 39, 'left', 16628, 16766, 17070, 138, 304, 442),
    ('cc111111-1111-1111-1111-111111111111', 39, 'right', 16836, 16986, 17264, 150, 278, 428),
    ('cc111111-1111-1111-1111-111111111111', 40, 'left', 17070, 17198, 17479, 128, 281, 409),
    ('cc111111-1111-1111-1111-111111111111', 40, 'right', 17264, 17411, 17714, 147, 303, 450),
    ('cc111111-1111-1111-1111-111111111111', 41, 'left', 17479, 17625, 17912, 146, 287, 433),
    ('cc111111-1111-1111-1111-111111111111', 41, 'right', 17714, 17844, 18144, 130, 300, 430),
    ('cc111111-1111-1111-1111-111111111111', 42, 'left', 17912, 18056, 18381, 144, 325, 469),
    ('cc111111-1111-1111-1111-111111111111', 42, 'right', 18144, 18303, 18587, 159, 284, 443),
    ('cc111111-1111-1111-1111-111111111111', 43, 'left', 18381, 18513, 18790, 132, 277, 409),
    ('cc111111-1111-1111-1111-111111111111', 43, 'right', 18587, 18728, 18982, 141, 254, 395),
    ('cc111111-1111-1111-1111-111111111111', 44, 'left', 18790, 18932, 19192, 142, 260, 402),
    ('cc111111-1111-1111-1111-111111111111', 44, 'right', 18982, 19124, 19384, 142, 260, 402),
    ('cc111111-1111-1111-1111-111111111111', 45, 'left', 19192, 19324, 19610, 132, 286, 418),
    ('cc111111-1111-1111-1111-111111111111', 45, 'right', 19384, 19544, 19820, 160, 276, 436),
    ('cc111111-1111-1111-1111-111111111111', 46, 'left', 19610, 19756, 20038, 146, 282, 428),
    ('cc111111-1111-1111-1111-111111111111', 46, 'right', 19820, 19966, 20233, 146, 267, 413),
    ('cc111111-1111-1111-1111-111111111111', 47, 'left', 20038, 20183, 20442, 145, 259, 404),
    ('cc111111-1111-1111-1111-111111111111', 47, 'right', 20233, 20360, 20658, 127, 298, 425),
    ('cc111111-1111-1111-1111-111111111111', 48, 'left', 20442, 20596, 20861, 154, 265, 419),
    ('cc111111-1111-1111-1111-111111111111', 48, 'right', 20658, 20778, 21060, 120, 282, 402),
    ('cc111111-1111-1111-1111-111111111111', 49, 'left', 20861, 21000, 21612, 139, 612, 751),
    ('cc111111-1111-1111-1111-111111111111', 49, 'right', 21060, 21212, 21823, 152, 611, 763),
    ('cc111111-1111-1111-1111-111111111111', 50, 'left', 21612, 21760, 22035, 148, 275, 423),
    ('cc111111-1111-1111-1111-111111111111', 50, 'right', 21823, 21959, 22269, 136, 310, 446),
    ('cc111111-1111-1111-1111-111111111111', 51, 'left', 22035, 22184, 22512, 149, 328, 477),
    ('cc111111-1111-1111-1111-111111111111', 51, 'right', 22269, 22422, 22761, 153, 339, 492),
    ('cc111111-1111-1111-1111-111111111111', 52, 'left', 22512, 22671, 22987, 159, 316, 475),
    ('cc111111-1111-1111-1111-111111111111', 52, 'right', 22761, 22919, 23170, 158, 251, 409),
    ('cc111111-1111-1111-1111-111111111111', 53, 'left', 22987, 23119, 23365, 132, 246, 378),
    ('cc111111-1111-1111-1111-111111111111', 53, 'right', 23170, 23296, 23576, 126, 280, 406),
    ('cc111111-1111-1111-1111-111111111111', 54, 'left', 23365, 23489, 23751, 124, 262, 386),
    ('cc111111-1111-1111-1111-111111111111', 54, 'right', 23576, 23698, 23966, 122, 268, 390),
    ('cc111111-1111-1111-1111-111111111111', 55, 'left', 23751, 23897, 24194, 146, 297, 443),
    ('cc111111-1111-1111-1111-111111111111', 55, 'right', 23966, 24109, 24441, 143, 332, 475),
    ('cc111111-1111-1111-1111-111111111111', 56, 'left', 24194, 24354, 24665, 160, 311, 471),
    ('cc111111-1111-1111-1111-111111111111', 56, 'right', 24441, 24597, 24853, 156, 256, 412),
    ('cc111111-1111-1111-1111-111111111111', 57, 'left', 24665, 24797, 25073, 132, 276, 408),
    ('cc111111-1111-1111-1111-111111111111', 57, 'right', 24853, 24998, 25270, 145, 272, 417),
    ('cc111111-1111-1111-1111-111111111111', 58, 'left', 25073, 25204, 25490, 131, 286, 417),
    ('cc111111-1111-1111-1111-111111111111', 58, 'right', 25270, 25419, 25676, 149, 257, 406),
    ('cc111111-1111-1111-1111-111111111111', 59, 'left', 25490, 25618, 25898, 128, 280, 408),
    ('cc111111-1111-1111-1111-111111111111', 59, 'right', 25676, 25824, 26129, 148, 305, 453),
    ('cc111111-1111-1111-1111-111111111111', 60, 'left', 25898, 26044, 26333, 146, 289, 435),
    ('cc111111-1111-1111-1111-111111111111', 60, 'right', 26129, 26260, 26532, 131, 272, 403),
    ('cc111111-1111-1111-1111-111111111111', 61, 'left', 26333, 26469, 27028, 136, 559, 695),
    ('cc111111-1111-1111-1111-111111111111', 61, 'right', 26532, 26669, 27258, 137, 589, 726),
    ('cc111111-1111-1111-1111-111111111111', 62, 'left', 27028, 27184, 27469, 156, 285, 441),
    ('cc111111-1111-1111-1111-111111111111', 62, 'right', 27258, 27389, 27715, 131, 326, 457),
    ('cc111111-1111-1111-1111-111111111111', 63, 'left', 27469, 27625, 27925, 156, 300, 456),
    ('cc111111-1111-1111-1111-111111111111', 63, 'right', 27715, 27865, 28133, 150, 268, 418),
    ('cc111111-1111-1111-1111-111111111111', 64, 'left', 27925, 28049, 28347, 124, 298, 422),
    ('cc111111-1111-1111-1111-111111111111', 64, 'right', 28133, 28268, 28550, 135, 282, 417),
    ('cc111111-1111-1111-1111-111111111111', 65, 'left', 28347, 28500, 28748, 153, 248, 401),
    ('cc111111-1111-1111-1111-111111111111', 65, 'right', 28550, 28677, 28953, 127, 276, 403),
    ('cc111111-1111-1111-1111-111111111111', 66, 'left', 28748, 28899, 29144, 151, 245, 396),
    ('cc111111-1111-1111-1111-111111111111', 66, 'right', 28953, 29094, 29384, 141, 290, 431),
    ('cc111111-1111-1111-1111-111111111111', 67, 'left', 29144, 29300, 29611, 156, 311, 467),
    ('cc111111-1111-1111-1111-111111111111', 67, 'right', 29384, 29521, 29818, 137, 297, 434),
    ('cc111111-1111-1111-1111-111111111111', 68, 'left', 29611, 29731, 30034, 120, 303, 423),
    ('cc111111-1111-1111-1111-111111111111', 68, 'right', 29818, 29958, 30230, 140, 272, 412),
    ('cc111111-1111-1111-1111-111111111111', 69, 'left', 30034, 30170, 30445, 136, 275, 411),
    ('cc111111-1111-1111-1111-111111111111', 69, 'right', 30230, 30358, 30643, 128, 285, 413),
    ('cc111111-1111-1111-1111-111111111111', 70, 'left', 30445, 30568, 30818, 123, 250, 373),
    ('cc111111-1111-1111-1111-111111111111', 70, 'right', 30643, 30765, 31041, 122, 276, 398),
    ('cc111111-1111-1111-1111-111111111111', 71, 'left', 30818, 30959, 31260, 141, 301, 442),
    ('cc111111-1111-1111-1111-111111111111', 71, 'right', 31041, 31175, 31458, 134, 283, 417),
    ('cc111111-1111-1111-1111-111111111111', 72, 'left', 31260, 31398, 31659, 138, 261, 399),
    ('cc111111-1111-1111-1111-111111111111', 72, 'right', 31458, 31606, 31869, 148, 263, 411),
    ('cc111111-1111-1111-1111-111111111111', 73, 'left', 31659, 31805, 32315, 146, 510, 656),
    ('cc111111-1111-1111-1111-111111111111', 73, 'right', 31869, 32001, 32526, 132, 525, 657),
    ('cc111111-1111-1111-1111-111111111111', 74, 'left', 32315, 32466, 32730, 151, 264, 415),
    ('cc111111-1111-1111-1111-111111111111', 74, 'right', 32526, 32663, 32927, 137, 264, 401),
    ('cc111111-1111-1111-1111-111111111111', 75, 'left', 32730, 32873, 33144, 143, 271, 414),
    ('cc111111-1111-1111-1111-111111111111', 75, 'right', 32927, 33082, 33360, 155, 278, 433),
    ('cc111111-1111-1111-1111-111111111111', 76, 'left', 33144, 33299, 33586, 155, 287, 442),
    ('cc111111-1111-1111-1111-111111111111', 76, 'right', 33360, 33502, 33768, 142, 266, 408),
    ('cc111111-1111-1111-1111-111111111111', 77, 'left', 33586, 33711, 33954, 125, 243, 368),
    ('cc111111-1111-1111-1111-111111111111', 77, 'right', 33768, 33896, 34167, 128, 271, 399),
    ('cc111111-1111-1111-1111-111111111111', 78, 'left', 33954, 34083, 34344, 129, 261, 390),
    ('cc111111-1111-1111-1111-111111111111', 78, 'right', 34167, 34292, 34570, 125, 278, 403),
    ('cc111111-1111-1111-1111-111111111111', 79, 'left', 34344, 34496, 34772, 152, 276, 428),
    ('cc111111-1111-1111-1111-111111111111', 79, 'right', 34570, 34700, 34995, 130, 295, 425),
    ('cc111111-1111-1111-1111-111111111111', 80, 'left', 34772, 34906, 35242, 134, 336, 470),
    ('cc111111-1111-1111-1111-111111111111', 80, 'right', 34995, 35153, 35443, 158, 290, 448),
    ('cc111111-1111-1111-1111-111111111111', 81, 'left', 35242, 35372, 35637, 130, 265, 395),
    ('cc111111-1111-1111-1111-111111111111', 81, 'right', 35443, 35566, 35874, 123, 308, 431),
    ('cc111111-1111-1111-1111-111111111111', 82, 'left', 35637, 35797, 36075, 160, 278, 438),
    ('cc111111-1111-1111-1111-111111111111', 82, 'right', 35874, 36006, 36263, 132, 257, 389),
    ('cc111111-1111-1111-1111-111111111111', 83, 'left', 36075, 36206, 36473, 131, 267, 398),
    ('cc111111-1111-1111-1111-111111111111', 83, 'right', 36263, 36392, 36676, 129, 284, 413),
    ('cc111111-1111-1111-1111-111111111111', 84, 'left', 36473, 36626, 36884, 153, 258, 411),
    ('cc111111-1111-1111-1111-111111111111', 84, 'right', 36676, 36810, 37075, 134, 265, 399),
    ('cc111111-1111-1111-1111-111111111111', 85, 'left', 36884, 37010, 37309, 126, 299, 425),
    ('cc111111-1111-1111-1111-111111111111', 85, 'right', 37075, 37231, 37777, 156, 546, 702),
    ('cc111111-1111-1111-1111-111111111111', 86, 'left', 37309, 37467, 37967, 158, 500, 658),
    ('cc111111-1111-1111-1111-111111111111', 86, 'right', 37777, 37907, 38188, 130, 281, 411),
    ('cc111111-1111-1111-1111-111111111111', 87, 'left', 37967, 38115, 38394, 148, 279, 427),
    ('cc111111-1111-1111-1111-111111111111', 87, 'right', 38188, 38324, 38603, 136, 279, 415),
    ('cc111111-1111-1111-1111-111111111111', 88, 'left', 38394, 38551, 38835, 157, 284, 441),
    ('cc111111-1111-1111-1111-111111111111', 88, 'right', 38603, 38760, 39025, 157, 265, 422),
    ('cc111111-1111-1111-1111-111111111111', 89, 'left', 38835, 38956, 39213, 121, 257, 378),
    ('cc111111-1111-1111-1111-111111111111', 89, 'right', 39025, 39155, 39401, 130, 246, 376),
    ('cc111111-1111-1111-1111-111111111111', 90, 'left', 39213, 39333, 39624, 120, 291, 411),
    ('cc111111-1111-1111-1111-111111111111', 90, 'right', 39401, 39556, 39819, 155, 263, 418),
    ('cc111111-1111-1111-1111-111111111111', 91, 'left', 39624, 39762, 40047, 138, 285, 423),
    ('cc111111-1111-1111-1111-111111111111', 91, 'right', 39819, 39970, 40223, 151, 253, 404),
    ('cc111111-1111-1111-1111-111111111111', 92, 'left', 40047, 40171, 40425, 124, 254, 378),
    ('cc111111-1111-1111-1111-111111111111', 92, 'right', 40223, 40365, 40653, 142, 288, 430),
    ('cc111111-1111-1111-1111-111111111111', 93, 'left', 40425, 40583, 40864, 158, 281, 439),
    ('cc111111-1111-1111-1111-111111111111', 93, 'right', 40653, 40794, 41060, 141, 266, 407),
    ('cc111111-1111-1111-1111-111111111111', 94, 'left', 40864, 40986, 41286, 122, 300, 422),
    ('cc111111-1111-1111-1111-111111111111', 94, 'right', 41060, 41197, 41505, 137, 308, 445),
    ('cc111111-1111-1111-1111-111111111111', 95, 'left', 41286, 41420, 41685, 134, 265, 399),
    ('cc111111-1111-1111-1111-111111111111', 95, 'right', 41505, 41634, 41898, 129, 264, 393),
    ('cc111111-1111-1111-1111-111111111111', 96, 'left', 41685, 41823, 42126, 138, 303, 441),
    ('cc111111-1111-1111-1111-111111111111', 96, 'right', 41898, 42044, 42321, 146, 277, 423),
    ('cc111111-1111-1111-1111-111111111111', 97, 'left', 42126, 42260, 42550, 134, 290, 424),
    ('cc111111-1111-1111-1111-111111111111', 97, 'right', 42321, 42474, 42736, 153, 262, 415),
    ('cc111111-1111-1111-1111-111111111111', 98, 'left', 42550, 42673, 42937, 123, 264, 387),
    ('cc111111-1111-1111-1111-111111111111', 98, 'right', 42736, 42871, 43439, 135, 568, 703),
    ('cc111111-1111-1111-1111-111111111111', 99, 'left', 42937, 43067, 43642, 130, 575, 705),
    ('cc111111-1111-1111-1111-111111111111', 99, 'right', 43439, 43565, 43848, 126, 283, 409),
    ('cc111111-1111-1111-1111-111111111111', 100, 'left', 43642, 43762, 44031, 120, 269, 389),
    ('cc111111-1111-1111-1111-111111111111', 100, 'right', 43848, 43969, 44220, 121, 251, 372),
    ('cc111111-1111-1111-1111-111111111111', 101, 'left', 44031, 44159, 44449, 128, 290, 418),
    ('cc111111-1111-1111-1111-111111111111', 101, 'right', 44220, 44380, 44638, 160, 258, 418),
    ('cc111111-1111-1111-1111-111111111111', 102, 'left', 44449, 44572, 44856, 123, 284, 407),
    ('cc111111-1111-1111-1111-111111111111', 102, 'right', 44638, 44769, 45062, 131, 293, 424),
    ('cc111111-1111-1111-1111-111111111111', 103, 'left', 44856, 45003, 45234, 147, 231, 378),
    ('cc111111-1111-1111-1111-111111111111', 103, 'right', 45062, 45182, 45461, 120, 279, 399),
    ('cc111111-1111-1111-1111-111111111111', 104, 'left', 45234, 45386, 45663, 152, 277, 429),
    ('cc111111-1111-1111-1111-111111111111', 104, 'right', 45461, 45609, 45880, 148, 271, 419),
    ('cc111111-1111-1111-1111-111111111111', 105, 'left', 45663, 45793, 46085, 130, 292, 422),
    ('cc111111-1111-1111-1111-111111111111', 105, 'right', 45880, 46014, 46290, 134, 276, 410),
    ('cc111111-1111-1111-1111-111111111111', 106, 'left', 46085, 46232, 46529, 147, 297, 444),
    ('cc111111-1111-1111-1111-111111111111', 106, 'right', 46290, 46440, 46727, 150, 287, 437),
    ('cc111111-1111-1111-1111-111111111111', 107, 'left', 46529, 46654, 46939, 125, 285, 410),
    ('cc111111-1111-1111-1111-111111111111', 107, 'right', 46727, 46879, 47159, 152, 280, 432),
    ('cc111111-1111-1111-1111-111111111111', 108, 'left', 46939, 47073, 47373, 134, 300, 434),
    ('cc111111-1111-1111-1111-111111111111', 108, 'right', 47159, 47310, 47576, 151, 266, 417),
    ('cc111111-1111-1111-1111-111111111111', 109, 'left', 47373, 47499, 47797, 126, 298, 424),
    ('cc111111-1111-1111-1111-111111111111', 109, 'right', 47576, 47735, 47986, 159, 251, 410),
    ('cc111111-1111-1111-1111-111111111111', 110, 'left', 47797, 47928, 48201, 131, 273, 404),
    ('cc111111-1111-1111-1111-111111111111', 110, 'right', 47986, 48136, 48398, 150, 262, 412),
    ('cc111111-1111-1111-1111-111111111111', 111, 'left', 48201, 48332, 48611, 131, 279, 410),
    ('cc111111-1111-1111-1111-111111111111', 111, 'right', 48398, 48528, 49132, 130, 604, 734),
    ('cc111111-1111-1111-1111-111111111111', 112, 'left', 48611, 48763, 49321, 152, 558, 710),
    ('cc111111-1111-1111-1111-111111111111', 112, 'right', 49132, 49256, 49539, 124, 283, 407),
    ('cc111111-1111-1111-1111-111111111111', 113, 'left', 49321, 49456, 49749, 135, 293, 428),
    ('cc111111-1111-1111-1111-111111111111', 113, 'right', 49539, 49673, 49977, 134, 304, 438),
    ('cc111111-1111-1111-1111-111111111111', 114, 'left', 49749, 49894, 50186, 145, 292, 437),
    ('cc111111-1111-1111-1111-111111111111', 114, 'right', 49977, 50132, 50387, 155, 255, 410),
    ('cc111111-1111-1111-1111-111111111111', 115, 'left', 50186, 50321, 50613, 135, 292, 427),
    ('cc111111-1111-1111-1111-111111111111', 115, 'right', 50387, 50527, 50835, 140, 308, 448),
    ('cc111111-1111-1111-1111-111111111111', 116, 'left', 50613, 50754, 51023, 141, 269, 410),
    ('cc111111-1111-1111-1111-111111111111', 116, 'right', 50835, 50967, 51234, 132, 267, 399),
    ('cc111111-1111-1111-1111-111111111111', 117, 'left', 51023, 51183, 51433, 160, 250, 410),
    ('cc111111-1111-1111-1111-111111111111', 117, 'right', 51234, 51356, 51626, 122, 270, 392),
    ('cc111111-1111-1111-1111-111111111111', 118, 'left', 51433, 51556, 51811, 123, 255, 378),
    ('cc111111-1111-1111-1111-111111111111', 118, 'right', 51626, 51758, 52010, 132, 252, 384),
    ('cc111111-1111-1111-1111-111111111111', 119, 'left', 51811, 51949, 52213, 138, 264, 402),
    ('cc111111-1111-1111-1111-111111111111', 119, 'right', 52010, 52147, 52419, 137, 272, 409),
    ('cc111111-1111-1111-1111-111111111111', 120, 'left', 52213, 52333, 52640, 120, 307, 427),
    ('cc111111-1111-1111-1111-111111111111', 120, 'right', 52419, 52572, 52845, 153, 273, 426),
    ('cc111111-1111-1111-1111-111111111111', 121, 'left', 52640, 52772, 53032, 132, 260, 392),
    ('cc111111-1111-1111-1111-111111111111', 121, 'right', 52845, 52972, 53248, 127, 276, 403),
    ('cc111111-1111-1111-1111-111111111111', 122, 'left', 53032, 53174, 53446, 142, 272, 414),
    ('cc111111-1111-1111-1111-111111111111', 122, 'right', 53248, 53377, 53665, 129, 288, 417),
    ('cc111111-1111-1111-1111-111111111111', 123, 'left', 53446, 53599, 53875, 153, 276, 429),
    ('cc111111-1111-1111-1111-111111111111', 123, 'right', 53665, 53797, 54049, 132, 252, 384),
    ('cc111111-1111-1111-1111-111111111111', 124, 'left', 53875, 53998, 54255, 123, 257, 380),
    ('cc111111-1111-1111-1111-111111111111', 124, 'right', 54049, 54191, 54472, 142, 281, 423),
    ('cc111111-1111-1111-1111-111111111111', 125, 'left', 54255, 54384, 54945, 129, 561, 690),
    ('cc111111-1111-1111-1111-111111111111', 125, 'right', 54472, 54597, 55138, 125, 541, 666),
    ('cc111111-1111-1111-1111-111111111111', 126, 'left', 54945, 55066, 55352, 121, 286, 407),
    ('cc111111-1111-1111-1111-111111111111', 126, 'right', 55138, 55278, 55571, 140, 293, 433),
    ('cc111111-1111-1111-1111-111111111111', 127, 'left', 55352, 55487, 55754, 135, 267, 402),
    ('cc111111-1111-1111-1111-111111111111', 127, 'right', 55571, 55700, 55926, 129, 226, 355),
    ('cc111111-1111-1111-1111-111111111111', 128, 'left', 55754, 55875, 56120, 121, 245, 366),
    ('cc111111-1111-1111-1111-111111111111', 128, 'right', 55926, 56057, 56325, 131, 268, 399),
    ('cc111111-1111-1111-1111-111111111111', 129, 'left', 56120, 56254, 56550, 134, 296, 430),
    ('cc111111-1111-1111-1111-111111111111', 129, 'right', 56325, 56484, 56724, 159, 240, 399),
    ('cc111111-1111-1111-1111-111111111111', 130, 'left', 56550, 56674, 56928, 124, 254, 378),
    ('cc111111-1111-1111-1111-111111111111', 130, 'right', 56724, 56871, 57130, 147, 259, 406),
    ('cc111111-1111-1111-1111-111111111111', 131, 'left', 56928, 57075, 57354, 147, 279, 426),
    ('cc111111-1111-1111-1111-111111111111', 131, 'right', 57130, 57273, 57586, 143, 313, 456),
    ('cc111111-1111-1111-1111-111111111111', 132, 'left', 57354, 57501, 57815, 147, 314, 461),
    ('cc111111-1111-1111-1111-111111111111', 132, 'right', 57586, 57730, 58021, 144, 291, 435),
    ('cc111111-1111-1111-1111-111111111111', 133, 'left', 57815, 57951, 58220, 136, 269, 405),
    ('cc111111-1111-1111-1111-111111111111', 133, 'right', 58021, 58163, 58440, 142, 277, 419),
    ('cc111111-1111-1111-1111-111111111111', 134, 'left', 58220, 58357, 58629, 137, 272, 409),
    ('cc111111-1111-1111-1111-111111111111', 134, 'right', 58440, 58575, 58815, 135, 240, 375),
    ('cc111111-1111-1111-1111-111111111111', 135, 'left', 58629, 58751, 59022, 122, 271, 393),
    ('cc111111-1111-1111-1111-111111111111', 135, 'right', 58815, 58952, 59237, 137, 285, 422),
    ('cc111111-1111-1111-1111-111111111111', 136, 'left', 59022, 59181, 59443, 159, 262, 421),
    ('cc111111-1111-1111-1111-111111111111', 136, 'right', 59237, 59374, 59691, 137, 317, 454),
    ('cc111111-1111-1111-1111-111111111111', 137, 'left', 59443, 59602, 59889, 159, 287, 446),
    ('cc111111-1111-1111-1111-111111111111', 137, 'right', 59691, 59826, 60115, 135, 289, 424),
    ('cc111111-1111-1111-1111-111111111111', 138, 'left', 59889, 60037, 60319, 148, 282, 430),
    ('cc111111-1111-1111-1111-111111111111', 138, 'right', 60115, 60268, 60543, 153, 275, 428),
    ('cc111111-1111-1111-1111-111111111111', 139, 'left', 60319, 60477, 60741, 158, 264, 422),
    ('cc111111-1111-1111-1111-111111111111', 139, 'right', 60543, 60667, 60919, 124, 252, 376),
    ('cc111111-1111-1111-1111-111111111111', 140, 'left', 60741, 60868, 61138, 127, 270, 397),
    ('cc111111-1111-1111-1111-111111111111', 140, 'right', 60919, 61057, 61363, 138, 306, 444),
    ('cc111111-1111-1111-1111-111111111111', 141, 'left', 61138, 61286, 61585, 148, 299, 447),
    ('cc111111-1111-1111-1111-111111111111', 141, 'right', 61363, 61503, 61808, 140, 305, 445),
    ('cc111111-1111-1111-1111-111111111111', 142, 'left', 61585, 61720, 62018, 135, 298, 433),
    ('cc111111-1111-1111-1111-111111111111', 142, 'right', 61808, 61962, 62231, 154, 269, 423),
    ('cc111111-1111-1111-1111-111111111111', 143, 'left', 62018, 62156, 62418, 138, 262, 400);
 
 -- Olga Almazova: sprint_100m 
 
INSERT INTO RUN (run_id, athlete_id, event_type, name, elapsed_ms) VALUES
    ('dd111111-1111-1111-1111-111111111111', '00000000-0000-0000-0000-000000000005', 'sprint_100m', 'Olga Sprint 1', 13500);
 
INSERT INTO RUN_METRICS (run_id, stride_num, foot, ic_time, to_time, next_ic_time, gct_ms, flight_ms, step_time_ms) VALUES
    ('dd111111-1111-1111-1111-111111111111', 1, 'right', 0, 220, 606, 220, 386, 606),
    ('dd111111-1111-1111-1111-111111111111', 1, 'left', 300, 505, 920, 205, 415, 620),
    ('dd111111-1111-1111-1111-111111111111', 2, 'right', 606, 799, 1261, 193, 462, 655),
    ('dd111111-1111-1111-1111-111111111111', 2, 'left', 920, 1104, 1601, 184, 497, 681),
    ('dd111111-1111-1111-1111-111111111111', 3, 'right', 1261, 1431, 1959, 170, 528, 698),
    ('dd111111-1111-1111-1111-111111111111', 3, 'left', 1601, 1768, 2321, 167, 553, 720),
    ('dd111111-1111-1111-1111-111111111111', 4, 'right', 1959, 2106, 2703, 147, 597, 744),
    ('dd111111-1111-1111-1111-111111111111', 4, 'left', 2321, 2458, 3087, 137, 629, 766),
    ('dd111111-1111-1111-1111-111111111111', 5, 'right', 2703, 2831, 3466, 128, 635, 763),
    ('dd111111-1111-1111-1111-111111111111', 5, 'left', 3087, 3221, 3848, 134, 627, 761),
    ('dd111111-1111-1111-1111-111111111111', 6, 'right', 3466, 3598, 4215, 132, 617, 749),
    ('dd111111-1111-1111-1111-111111111111', 6, 'left', 3848, 3973, 4602, 125, 629, 754),
    ('dd111111-1111-1111-1111-111111111111', 7, 'right', 4215, 4345, 4985, 130, 640, 770),
    ('dd111111-1111-1111-1111-111111111111', 7, 'left', 4602, 4739, 5360, 137, 621, 758),
    ('dd111111-1111-1111-1111-111111111111', 8, 'right', 4985, 5114, 5726, 129, 612, 741),
    ('dd111111-1111-1111-1111-111111111111', 8, 'left', 5360, 5484, 6116, 124, 632, 756),
    ('dd111111-1111-1111-1111-111111111111', 9, 'right', 5726, 5854, 6511, 128, 657, 785),
    ('dd111111-1111-1111-1111-111111111111', 9, 'left', 6116, 6252, 6878, 136, 626, 762),
    ('dd111111-1111-1111-1111-111111111111', 10, 'right', 6511, 6635, 7254, 124, 619, 743),
    ('dd111111-1111-1111-1111-111111111111', 10, 'left', 6878, 7014, 7619, 136, 605, 741),
    ('dd111111-1111-1111-1111-111111111111', 11, 'right', 7254, 7386, 7995, 132, 609, 741),
    ('dd111111-1111-1111-1111-111111111111', 11, 'left', 7619, 7763, 8366, 144, 603, 747),
    ('dd111111-1111-1111-1111-111111111111', 12, 'right', 7995, 8128, 8760, 133, 632, 765),
    ('dd111111-1111-1111-1111-111111111111', 12, 'left', 8366, 8510, 9134, 144, 624, 768),
    ('dd111111-1111-1111-1111-111111111111', 13, 'right', 8760, 8893, 9511, 133, 618, 751),
    ('dd111111-1111-1111-1111-111111111111', 13, 'left', 9134, 9280, 9901, 146, 621, 767),
    ('dd111111-1111-1111-1111-111111111111', 14, 'right', 9511, 9653, 10284, 142, 631, 773),
    ('dd111111-1111-1111-1111-111111111111', 14, 'left', 9901, 10047, 10669, 146, 622, 768),
    ('dd111111-1111-1111-1111-111111111111', 15, 'right', 10284, 10421, 11056, 137, 635, 772),
    ('dd111111-1111-1111-1111-111111111111', 15, 'left', 10669, 10814, 11432, 145, 618, 763),
    ('dd111111-1111-1111-1111-111111111111', 16, 'right', 11056, 11190, 11793, 134, 603, 737),
    ('dd111111-1111-1111-1111-111111111111', 16, 'left', 11432, 11562, 12169, 130, 607, 737),
    ('dd111111-1111-1111-1111-111111111111', 17, 'right', 11793, 11924, 12541, 131, 617, 748),
    ('dd111111-1111-1111-1111-111111111111', 17, 'left', 12169, 12300, 12917, 131, 617, 748),
    ('dd111111-1111-1111-1111-111111111111', 18, 'right', 12541, 12684, 13301, 143, 617, 760);
 

 -- bosco_test
INSERT INTO RUN (run_id, athlete_id, event_type, name, elapsed_ms) VALUES
    ('ee111111-1111-1111-1111-111111111111', '00000000-0000-0000-0000-000000000005', 'bosco_test', 'Olga Bosco Test 1', 11000);
 
INSERT INTO RUN_METRICS (run_id, stride_num, foot, ic_time, to_time, next_ic_time, gct_ms, flight_ms, step_time_ms) VALUES
    ('ee111111-1111-1111-1111-111111111111', 1, 'right', 0, 278, 648, 278, 370, 648),
    ('ee111111-1111-1111-1111-111111111111', 2, 'right', 648, 922, 1297, 274, 375, 649),
    ('ee111111-1111-1111-1111-111111111111', 3, 'right', 1297, 1570, 1987, 273, 417, 690),
    ('ee111111-1111-1111-1111-111111111111', 4, 'right', 1987, 2255, 2678, 268, 423, 691),
    ('ee111111-1111-1111-1111-111111111111', 5, 'right', 2678, 2957, 3424, 279, 467, 746),
    ('ee111111-1111-1111-1111-111111111111', 6, 'right', 3424, 3703, 4183, 279, 480, 759),
    ('ee111111-1111-1111-1111-111111111111', 7, 'right', 4183, 4451, 4925, 268, 474, 742),
    ('ee111111-1111-1111-1111-111111111111', 8, 'right', 4925, 5202, 5680, 277, 478, 755),
    ('ee111111-1111-1111-1111-111111111111', 9, 'right', 5680, 5954, 6400, 274, 446, 720),
    ('ee111111-1111-1111-1111-111111111111', 10, 'right', 6400, 6665, 7099, 265, 434, 699),
    ('ee111111-1111-1111-1111-111111111111', 11, 'right', 7099, 7369, 7796, 270, 427, 697),
    ('ee111111-1111-1111-1111-111111111111', 12, 'right', 7796, 8056, 8482, 260, 426, 686),
    ('ee111111-1111-1111-1111-111111111111', 13, 'right', 8482, 8746, 9149, 264, 403, 667),
    ('ee111111-1111-1111-1111-111111111111', 14, 'right', 9149, 9410, 9806, 261, 396, 657),
    ('ee111111-1111-1111-1111-111111111111', 15, 'right', 9806, 10059, 10436, 253, 377, 630);


