Time,Force_Foot1,Force_Foot2
0,283,0
10,540,0
20,965,0
30,1488,0
40,1303,0
50,2213,0
60,2513,0
70,3187,0
80,3178,0
90,2324,0
100,3063,0
110,2586,0
120,1689,0
130,1378,0
140,914,0
150,540,0
160,311,0
170,0,0
180,0,0
190,0,0
200,0,0
210,0,277
220,0,559
230,0,586
240,0,1028
250,0,1898
260,0,2070
270,0,2288
280,0,3413
290,0,2809
300,0,2237
310,0,1180
320,0,1170
330,0,556
340,0,0
350,0,0
360,0,0
370,0,0
380,0,0
390,0,0
400,223,0
410,528,0
420,677,0
430,1335,0
440,2117,0
450,2471,0
460,2935,0
470,3210,0
480,2584,0
490,2540,0
500,2334,0
510,1873,0
520,1126,0
530,673,0
540,422,0
550,0,0
560,0,0
570,0,0
580,0,0
590,0,0
600,0,304
610,0,449
620,0,964
630,0,1443
640,0,1725
650,0,2139
660,0,3203
670,0,2561
680,0,2858
690,0,2362
700,0,1991
710,0,1051
720,0,684
730,0,443
740,0,0
750,0,0
760,0,0
770,0,0
780,188,0
790,518,0
800,621,0
810,893,0
820,1290,0
830,1777,0
840,2149,0
850,2878,0
860,2146,0
870,2263,0
880,2139,0
890,2002,0
900,1841,0
910,1727,0
920,833,0
930,828,0
940,365,0
950,0,0
960,0,0
970,0,0
980,0,0
990,0,198
1000,0,447
1010,0,704
1020,0,985
1030,0,1588
1040,0,1962
1050,0,2308
1060,0,1967
1070,0,2399
1080,0,2841
1090,0,2612
1100,0,2630
1110,0,2326
1120,0,1072
1130,0,1212
1140,0,720
1150,0,491
1160,0,0
1170,0,0
1180,0,0
1190,0,0
1200,0,0
1210,0,0
1220,0,0
1230,254,0
1240,635,0
1250,1011,0
1260,1613,0
1270,2203,0
1280,2870,0
1290,3111,0
1300,3125,0
1310,2059,0
1320,1967,0
1330,1126,0
1340,741,0
1350,474,0
1360,0,0
1370,0,0
1380,0,0
1390,0,0
1400,0,311
1410,0,401
1420,0,924
1430,0,1358
1440,0,2351
1450,0,2948
1460,0,2767
1470,0,3461
1480,0,2129
1490,0,2228
1500,0,1272
1510,0,1242
1520,0,714
1530,0,0
1540,0,0
1550,0,0
1560,0,0
1570,0,0
1580,0,0
1590,246,0
1600,595,0
1610,1102,0
1620,1602,0
1630,2307,0
1640,1749,0
1650,2094,0
1660,3314,0
1670,2726,0
1680,1870,0
1690,1919,0
1700,1121,0
1710,659,0
1720,482,0
1730,0,0
1740,0,0
1750,0,0
1760,0,0
1770,0,0
1780,0,0
1790,0,0
1800,0,245
1810,0,399
1820,0,577
1830,0,1034
1840,0,1314
1850,0,1735
1860,0,2197
1870,0,2341
1880,0,2818
1890,0,2508
1900,0,2052
1910,0,2500
1920,0,1438
1930,0,1716
1940,0,856
1950,0,761
1960,0,445
1970,0,0
1980,0,0
1990,0,0
2000,0,0
2010,309,0
2020,337,0
2030,834,0
2040,774,0
2050,1066,0
2060,1685,0
2070,1971,0
2080,1902,0
2090,3250,0
2100,2288,0
2110,2296,0
2120,1818,0
2130,1951,0
2140,1691,0
2150,801,0
2160,756,0
2170,366,0
2180,0,0
2190,0,0
2200,0,0
2210,0,0
2220,0,0
2230,0,322
2240,0,626
2250,0,719
2260,0,1145
2270,0,1328
2280,0,2342
2290,0,2794
2300,0,3332
2310,0,2233
2320,0,2272
2330,0,2334
2340,0,1672
2350,0,1906
2360,0,912
2370,0,815
2380,0,637
2390,0,0
2400,0,0
2410,0,0
2420,0,0
2430,0,0
2440,0,0
2450,0,0
2460,358,0
2470,527,0
2480,882,0
2490,1638,0
2500,1568,0
2510,1770,0
2520,3043,0
2530,3412,0
2540,3167,0
2550,2126,0
2560,1517,0
2570,1740,0
2580,897,0
2590,721,0
2600,0,0
2610,0,0
2620,0,0
2630,0,0
2640,0,0
2650,0,0
2660,0,0
2670,0,318
2680,0,370
2690,0,818
2700,0,794
2710,0,1425
2720,0,2100
2730,0,2367
2740,0,3132
2750,0,2739
2760,0,2120
2770,0,2808
2780,0,2693
2790,0,1792
2800,0,1034
2810,0,1052
2820,0,746
2830,0,348
2840,0,0
2850,0,0
2860,0,0
2870,0,0
2880,0,0
2890,0,0
2900,390,0
2910,683,0
2920,1357,0
2930,1783,0
2940,2760,0
2950,2188,0
2960,2891,0
2970,2232,0
2980,2456,0
2990,2020,0
3000,1049,0
3010,813,0
3020,419,0
3030,0,0
3040,0,0
3050,0,0
3060,0,0
3070,0,0
3080,0,404
3090,0,663
3100,0,1002
3110,0,1735
3120,0,2120
3130,0,2077
3140,0,2486
3150,0,2490
3160,0,2143
3170,0,2324
3180,0,2253
3190,0,1526
3200,0,1325
3210,0,971
3220,0,632
3230,0,0
3240,0,0
3250,0,0
3260,0,0
3270,0,0
3280,0,0
3290,278,0
3300,421,0
3310,689,0
3320,818,0
3330,1707,0
3340,1975,0
3350,2112,0
3360,2944,0
3370,2421,0
3380,2522,0
3390,1998,0
3400,1671,0
3410,1148,0
3420,950,0
3430,616,0
3440,0,0
3450,0,0
3460,0,0
3470,0,0
3480,0,0
3490,0,270
3500,0,599
3510,0,637
3520,0,1456
3530,0,1569
3540,0,1798
3550,0,2372
3560,0,3473
3570,0,2718
3580,0,2526
3590,0,2116
3600,0,1230
3610,0,1127
3620,0,599
3630,0,0
3640,0,0
3650,0,0
3660,0,0
3670,0,0
3680,0,0
3690,261,0
3700,530,0
3710,810,0
3720,1250,0
3730,1253,0
3740,1753,0
3750,2448,0
3760,2451,0
3770,2714,0
3780,2847,0
3790,1635,0
3800,1220,0
3810,1001,0
3820,552,0
3830,0,0
3840,0,0
3850,0,0
3860,0,0
3870,0,219
3880,0,424
3890,0,745
3900,0,1131
3910,0,1413
3920,0,1981
3930,0,2637
3940,0,2554
3950,0,2718
3960,0,3333
3970,0,2548
3980,0,1846
3990,0,1460
4000,0,995
4010,0,645
4020,0,358
4030,0,0
4040,0,0
4050,0,0
4060,0,0
4070,274,0
4080,342,0
4090,634,0
4100,832,0
4110,1641,0
4120,2388,0
4130,2029,0
4140,2298,0
4150,2443,0
4160,2874,0
4170,2189,0
4180,2437,0
4190,1699,0
4200,1140,0
4210,772,0
4220,369,0
4230,0,0
4240,0,0
4250,0,0
4260,0,0
4270,0,0
4280,0,0
4290,0,255
4300,0,455
4310,0,760
4320,0,1036
4330,0,1556
4340,0,1704
4350,0,2242
4360,0,1936
4370,0,3445
4380,0,3030
4390,0,2036
4400,0,1992
4410,0,1317
4420,0,1008
4430,0,1066
4440,0,590
4450,0,487
4460,0,0
4470,0,0
4480,0,0
4490,0,0
4500,0,0
4510,188,0
4520,542,0
4530,871,0
4540,1016,0
4550,1328,0
4560,2667,0
4570,2494,0
4580,2954,0
4590,2758,0
4600,2237,0
4610,1555,0
4620,921,0
4630,492,0
4640,0,0
4650,0,0
4660,0,0
4670,0,0
4680,0,0
4690,0,0
4700,0,0
4710,0,220
4720,0,446
4730,0,536
4740,0,768
4750,0,1424
4760,0,1989
4770,0,1742
4780,0,2948
4790,0,3261
4800,0,3376
4810,0,1954
4820,0,1870
4830,0,1524
4840,0,1591
4850,0,945
4860,0,522
4870,0,376
4880,0,0
4890,0,0
4900,0,0
4910,0,0
4920,178,0
4930,449,0
4940,678,0
4950,1188,0
4960,1683,0
4970,2254,0
4980,2076,0
4990,2929,0
5000,2777,0
5010,2832,0
5020,2528,0
5030,1885,0
5040,1782,0
5050,1139,0
5060,685,0
5070,504,0
5080,0,0
5090,0,0
5100,0,0
5110,0,0
5120,0,286
5130,0,318
5140,0,778
5150,0,789
5160,0,1217
5170,0,2156
5180,0,1958
5190,0,2345
5200,0,3318
5210,0,2151
5220,0,2164
5230,0,2039
5240,0,1584
5250,0,1618
5260,0,800
5270,0,580
5280,0,315
5290,0,0
5300,0,0
5310,0,0
5320,0,0
5330,0,0
5340,0,0
5350,364,0
5360,604,0
5370,1066,0
5380,1426,0
5390,1751,0
5400,1922,0
5410,1800,0
5420,2382,0
5430,2589,0
5440,3360,0
5450,2303,0
5460,2644,0
5470,1820,0
5480,1012,0
5490,1147,0
5500,559,0
5510,361,0
5520,0,0
5530,0,0
5540,0,0
5550,0,0
5560,0,0
5570,0,0
5580,0,0
5590,0,0
5600,0,0
5610,0,0
5620,0,0
5630,0,0
5640,0,0
5650,0,0
5660,0,0
5670,0,0
5680,0,0
5690,0,0
5700,0,0
5710,0,0
5720,0,0
5730,0,0
5740,0,0
5750,0,0
5760,0,0
5770,0,0
5780,0,0
5790,0,0
5800,0,0
5810,0,0
5820,0,0
5830,0,0
5840,0,0
5850,0,0
5860,0,0
5870,0,0
5880,0,0
5890,0,0
5900,0,0
5910,0,443
5920,0,730
5930,0,1188
5940,0,1226
5950,0,1946
5960,0,1865
5970,0,2957
5980,0,2457
5990,0,3233
6000,0,2016
6010,0,1851
6020,0,1282
6030,0,855
6040,0,556
6050,0,373
6060,0,0
6070,0,0
6080,0,0
6090,0,0
6100,0,0
6110,0,0
6120,0,0
6130,198,0
6140,462,0
6150,789,0
6160,1022,0
6170,1651,0
6180,1691,0
6190,2668,0
6200,3371,0
6210,2592,0
6220,3096,0
6230,2119,0
6240,1457,0
6250,1193,0
6260,774,0
6270,432,0
6280,0,0
6290,0,0
6300,0,0
6310,0,0
6320,0,278
6330,0,401
6340,0,1033
6350,0,1036
6360,0,2005
6370,0,2318
6380,0,3173
6390,0,2490
6400,0,1846
6410,0,1604
6420,0,1325
6430,0,1193
6440,0,662
6450,0,0
6460,0,0
6470,0,0
6480,0,0
6490,0,0
6500,0,0
6510,408,0
6520,450,0
6530,1181,0
6540,1302,0
6550,2178,0
6560,1759,0
6570,2260,0
6580,2963,0
6590,2936,0
6600,2818,0
6610,1990,0
6620,1311,0
6630,829,0
6640,704,0
6650,0,0
6660,0,0
6670,0,0
6680,0,0
6690,0,0
6700,0,306
6710,0,628
6720,0,943
6730,0,1033
6740,0,1930
6750,0,2228
6760,0,2687
6770,0,2680
6780,0,2562
6790,0,2871
6800,0,1522
6810,0,1182
6820,0,917
6830,0,602
6840,0,0
6850,0,0
6860,0,0
6870,0,0
6880,0,0
6890,368,0
6900,561,0
6910,772,0
6920,1483,0
6930,1710,0
6940,2408,0
6950,1879,0
6960,2890,0
6970,2166,0
6980,2451,0
6990,2014,0
7000,1704,0
7010,1059,0
7020,917,0
7030,628,0
7040,0,0
7050,0,0
7060,0,0
7070,0,0
7080,0,0
7090,0,0
7100,0,205
7110,0,586
7120,0,868
7130,0,1218
7140,0,1622
7150,0,1542
7160,0,2078
7170,0,2963
7180,0,2739
7190,0,3147
7200,0,2595
7210,0,2345
7220,0,1608
7230,0,839
7240,0,646
7250,0,424
7260,0,0
7270,0,0
7280,0,0
7290,0,0
7300,0,0
7310,0,0
7320,0,0
7330,0,0
7340,335,0
7350,423,0
7360,775,0
7370,1288,0
7380,2094,0
7390,2319,0
7400,2046,0
7410,2034,0
7420,3264,0
7430,2989,0
7440,1968,0
7450,2167,0
7460,1070,0
7470,824,0
7480,614,0
7490,0,0
7500,0,0
7510,0,0
7520,0,0
7530,0,0
7540,0,182
7550,0,499
7560,0,743
7570,0,872
7580,0,1377
7590,0,1624
7600,0,2575
7610,0,2177
7620,0,3323
7630,0,2198
7640,0,2520
7650,0,2351
7660,0,1323
7670,0,1077
7680,0,784
7690,0,346
7700,0,0
7710,0,0
7720,0,0
7730,0,0
7740,0,0
7750,0,0
7760,341,0
7770,635,0
7780,1024,0
7790,1278,0
7800,2032,0
7810,2679,0
7820,2222,0
7830,2782,0
7840,2251,0
7850,2618,0
7860,1940,0
7870,1045,0
7880,645,0
7890,463,0
7900,0,0
7910,0,0
7920,0,0
7930,0,0
7940,0,0
7950,0,0
7960,0,338
7970,0,591
7980,0,1109
7990,0,1395
8000,0,1485
8010,0,2328
8020,0,3457
8030,0,2562
8040,0,2802
8050,0,2241
8060,0,1707
8070,0,998
8080,0,450
8090,0,0
8100,0,0
8110,0,0
8120,0,0
8130,0,0
8140,0,0
8150,0,0
8160,0,0
8170,321,0
8180,560,0
8190,831,0
8200,1087,0
8210,1463,0
8220,2180,0
8230,2599,0
8240,2607,0
8250,2917,0
8260,2629,0
8270,2202,0
8280,2775,0
8290,1660,0
8300,1636,0
8310,1044,0
8320,635,0
8330,467,0
8340,0,0
8350,0,0
8360,0,0
8370,0,0
8380,0,0
8390,0,228
8400,0,484
8410,0,845
8420,0,1432
8430,0,1576
8440,0,2017
8450,0,2894
8460,0,3201
8470,0,2310
8480,0,2932
8490,0,1837
8500,0,1700
8510,0,1812
8520,0,1427
8530,0,827
8540,0,442
8550,0,0
8560,0,0
8570,0,0
8580,0,0
8590,0,0
8600,0,0
8610,325,0
8620,448,0
8630,1033,0
8640,1481,0
8650,1401,0
8660,2984,0
8670,2226,0
8680,2833,0
8690,3119,0
8700,1841,0
8710,1325,0
8720,1284,0
8730,706,0
8740,436,0
8750,0,0
8760,0,0
8770,0,0
8780,0,0
8790,0,0
8800,0,0
8810,0,0
8820,0,396
8830,0,703
8840,0,913
8850,0,1577
8860,0,1385
8870,0,2139
8880,0,3134
8890,0,3072
8900,0,2739
8910,0,2398
8920,0,2529
8930,0,2105
8940,0,1325
8950,0,926
8960,0,386
8970,0,0
8980,0,0
8990,0,0
9000,0,0
9010,0,0
9020,0,0
9030,379,0
9040,404,0
9050,717,0
9060,1368,0
9070,1908,0
9080,1841,0
9090,2089,0
9100,2072,0
9110,2879,0
9120,2167,0
9130,3012,0
9140,2739,0
9150,1437,0
9160,1458,0
9170,847,0
9180,841,0
9190,409,0
9200,0,0
9210,0,0
9220,0,0
9230,0,0
9240,0,0
9250,0,0
9260,0,0
9270,0,167
9280,0,318
9290,0,692
9300,0,857
9310,0,1506
9320,0,2069
9330,0,2503
9340,0,2850
9350,0,2272
9360,0,2261
9370,0,2336
9380,0,1647
9390,0,1281
9400,0,882
9410,0,360
9420,0,0
9430,0,0
9440,0,0
9450,0,0
9460,0,0
9470,0,0
9480,278,0
9490,519,0
9500,794,0
9510,1794,0
9520,2078,0
9530,2968,0
9540,3377,0
9550,2437,0
9560,2614,0
9570,2203,0
9580,1133,0
9590,788,0
9600,544,0
9610,0,0
9620,0,0
9630,0,0
9640,0,0
9650,0,0
9660,0,237
9670,0,363
9680,0,767
9690,0,1067
9700,0,2074
9710,0,1628
9720,0,2797
9730,0,2589
9740,0,3209
9750,0,2515
9760,0,1432
9770,0,910
9780,0,757
9790,0,390
9800,0,0
9810,0,0
9820,0,0
9830,0,0
9840,0,0
9850,0,0
9860,410,0
9870,563,0
9880,1113,0
9890,1396,0
9900,2226,0
9910,2035,0
9920,2738,0
9930,2605,0
9940,2368,0
9950,2512,0
9960,2288,0
9970,1336,0
9980,1091,0
9990,825,0
10000,589,0
10010,0,0
10020,0,0
10030,0,0
10040,0,0
10050,0,0
10060,0,0
10070,0,0
10080,0,0
10090,0,0
10100,0,0
10110,0,0
10120,0,0
10130,0,0
10140,0,0
10150,0,0
10160,0,0
10170,0,0
10180,0,0
10190,0,0
10200,0,0
10210,0,0
10220,0,0
10230,0,0
10240,0,0
10250,0,0
10260,0,0
10270,0,0
10280,0,0
10290,0,0
10300,0,0
10310,0,0
10320,0,0
10330,0,0
10340,0,0
10350,0,0
10360,0,370
10370,0,778
10380,0,1040
10390,0,2014
10400,0,2024
10410,0,1896
10420,0,3341
10430,0,2717
10440,0,2164
10450,0,1340
10460,0,1490
10470,0,1026
10480,0,364
10490,0,0
10500,0,0
10510,0,0
10520,0,0
10530,0,0
10540,301,0
10550,474,0
10560,644,0
10570,914,0
10580,1666,0
10590,1819,0
10600,1993,0
10610,3067,0
10620,2369,0
10630,3244,0
10640,2333,0
10650,2758,0
10660,2323,0
10670,1721,0
10680,1255,0
10690,568,0
10700,517,0
10710,0,0
10720,0,0
10730,0,0
10740,0,0
10750,0,0
10760,0,0
10770,0,247
10780,0,662
10790,0,1097
10800,0,1027
10810,0,1775
10820,0,2443
10830,0,1985
10840,0,3185
10850,0,2613
10860,0,2893
10870,0,1489
10880,0,1040
10890,0,821
10900,0,509
10910,0,0
10920,0,0
10930,0,0
10940,0,0
10950,0,0
10960,0,0
10970,0,0
10980,257,0
10990,375,0
11000,626,0
11010,893,0
11020,1714,0
11030,1974,0
11040,2671,0
11050,2924,0
11060,2557,0
11070,2240,0
11080,2152,0
11090,2095,0
11100,1395,0
11110,1020,0
11120,555,0
11130,446,0
11140,0,0
11150,0,0
11160,0,0
11170,0,0
11180,0,0
11190,0,0
11200,0,0
11210,0,273
11220,0,520
11230,0,910
11240,0,1846
11250,0,2547
11260,0,3012
11270,0,2772
11280,0,3110
11290,0,2484
11300,0,1636
11310,0,1584
11320,0,782
11330,0,609
11340,0,419
11350,0,0
11360,0,0
11370,0,0
11380,0,0
11390,0,0
11400,205,0
11410,505,0
11420,812,0
11430,1546,0
11440,2175,0
11450,2086,0
11460,3044,0
11470,2780,0
11480,3149,0
11490,2270,0
11500,1431,0
11510,1548,0
11520,731,0
11530,511,0
11540,0,0
11550,0,0
11560,0,0
11570,0,0
11580,0,0
11590,0,169
11600,0,465
11610,0,722
11620,0,922
11630,0,1581
11640,0,1574
11650,0,2632
11660,0,1944
11670,0,3254
11680,0,2937
11690,0,3232
11700,0,2178
11710,0,2290
11720,0,1510
11730,0,862
11740,0,596
11750,0,346
11760,0,0
11770,0,0
11780,0,0
11790,0,0
11800,0,0
11810,0,0
11820,0,0
11830,170,0
11840,398,0
11850,774,0
11860,895,0
11870,1255,0
11880,1851,0
11890,2775,0
11900,2241,0
11910,2775,0
11920,2690,0
11930,2150,0
11940,2045,0
11950,1482,0
11960,879,0
11970,486,0
11980,0,0
11990,0,0
12000,0,0
12010,0,0
12020,0,0
12030,0,0
12040,0,0
12050,0,0
12060,0,410
12070,0,747
12080,0,771
12090,0,1368
12100,0,2150
12110,0,1763
12120,0,2777
12130,0,3235
12140,0,2803
12150,0,2353
12160,0,1624
12170,0,2140
12180,0,1281
12190,0,781
12200,0,594
12210,0,0
12220,0,0
12230,0,0
12240,0,0
12250,0,0
12260,0,0
12270,0,0
12280,0,0
12290,296,0
12300,438,0
12310,779,0
12320,933,0
12330,1993,0
12340,2063,0
12350,2772,0
12360,3249,0
12370,2727,0
12380,2001,0
12390,2321,0
12400,1716,0
12410,1201,0
12420,788,0
12430,662,0
12440,295,0
12450,0,0
12460,0,0
12470,0,0
12480,0,0
12490,0,0
12500,0,0
12510,0,378
12520,0,489
12530,0,1087
12540,0,1622
12550,0,2157
12560,0,1709
12570,0,2011
12580,0,2683
12590,0,2389
12600,0,1888
12610,0,2113
12620,0,1186
12630,0,702
12640,0,630
12650,0,0
12660,0,0
12670,0,0
12680,0,0
12690,0,0
12700,249,0
12710,558,0
12720,673,0
12730,1006,0
12740,1492,0
12750,1650,0
12760,2764,0
12770,1922,0
12780,2566,0
12790,2232,0
12800,1999,0
12810,2321,0
12820,1484,0
12830,1026,0
12840,666,0
12850,644,0
12860,0,0
12870,0,0
12880,0,0
12890,0,0
12900,0,0
12910,0,0
12920,0,0
12930,0,161
12940,0,348
12950,0,550
12960,0,1180
12970,0,1544
12980,0,2584
12990,0,2516
13000,0,2031
13010,0,2249
13020,0,2093
13030,0,1349
13040,0,1016
13050,0,816
13060,0,502
13070,0,0
13080,0,0
13090,0,0
13100,0,0
13110,203,0
13120,367,0
13130,882,0
13140,1345,0
13150,1780,0
13160,2526,0
13170,3074,0
13180,2222,0
13190,2769,0
13200,2460,0
13210,1546,0
13220,1444,0
13230,589,0
13240,567,0
13250,0,0
13260,0,0
13270,0,0
13280,0,0
13290,0,0
13300,0,409
13310,0,606
13320,0,787
13330,0,1262
13340,0,1911
13350,0,1498
13360,0,1825
13370,0,2848
13380,0,2818
13390,0,2816
13400,0,3077
13410,0,1738
13420,0,1913
13430,0,1683
13440,0,1016
13450,0,506
13460,0,323
13470,0,0
13480,0,0
13490,0,0
13500,0,0
13510,0,0
13520,322,0
13530,662,0
13540,736,0
13550,991,0
13560,1416,0
13570,2014,0
13580,2999,0
13590,3259,0
13600,3174,0
13610,2889,0
13620,2768,0
13630,1715,0
13640,1335,0
13650,1073,0
13660,661,0
13670,0,0
13680,0,0
13690,0,0
13700,0,0
13710,0,0
13720,0,0
13730,0,0
13740,0,0
13750,0,218
13760,0,478
13770,0,870
13780,0,1468
13790,0,1859
13800,0,1825
13810,0,3295
13820,0,2232
13830,0,3136
13840,0,2649
13850,0,1897
13860,0,1449
13870,0,630
13880,0,415
13890,0,0
13900,0,0
13910,0,0
13920,0,0
13930,0,0
13940,0,0
13950,296,0
13960,436,0
13970,812,0
13980,1148,0
13990,1726,0
14000,2125,0
14010,2550,0
14020,3428,0
14030,2186,0
14040,2473,0
14050,2343,0
14060,1734,0
14070,1647,0
14080,853,0
14090,598,0
14100,0,0
14110,0,0
14120,0,0
14130,0,0
14140,0,0
14150,0,0
14160,0,0
14170,0,0
14180,0,211
14190,0,539
14200,0,760
14210,0,821
14220,0,1175
14230,0,1520
14240,0,1853
14250,0,2749
14260,0,2195
14270,0,2691
14280,0,2003
14290,0,2342
14300,0,1243
14310,0,1371
14320,0,917
14330,0,580
14340,0,0
14350,0,0
14360,0,0
14370,0,0
14380,0,0
14390,0,0
14400,0,0
14410,205,0
14420,483,0
14430,551,0
14440,1092,0
14450,1506,0
14460,2452,0
14470,2529,0
14480,3403,0
14490,2096,0
14500,2406,0
14510,2568,0
14520,1647,0
14530,1222,0
14540,656,0
14550,571,0
14560,0,0
14570,0,0
14580,0,0
14590,0,0
14600,0,0
14610,0,0
14620,0,0
14630,0,0
14640,0,411
14650,0,607
14660,0,952
14670,0,2028
14680,0,2391
14690,0,2326
14700,0,2221
14710,0,2570
14720,0,2513
14730,0,1669
14740,0,918
14750,0,640
14760,0,429
14770,0,0
14780,0,0
14790,0,0
14800,0,0
14810,0,0
14820,0,0
14830,0,0
14840,0,0
14850,0,0
14860,0,0
14870,0,0
14880,0,0
14890,0,0
14900,0,0
14910,0,0
14920,0,0
14930,0,0
14940,0,0
14950,0,0
14960,0,0
14970,0,0
14980,0,0
14990,0,0
15000,0,0
15010,0,0
15020,0,0
15030,0,0
15040,0,0
15050,0,0
15060,0,0
15070,0,0
15080,0,0
15090,0,0
15100,0,0
15110,0,0
15120,0,0
15130,0,0
15140,0,0
15150,0,0
15160,209,0
15170,468,0
15180,888,0
15190,1450,0
15200,2052,0
15210,2745,0
15220,3139,0
15230,3139,0
15240,1963,0
15250,2688,0
15260,2173,0
15270,1577,0
15280,755,0
15290,355,0
15300,0,0
15310,0,0
15320,0,0
15330,0,0
15340,0,0
15350,0,0
15360,0,0
15370,0,195
15380,0,388
15390,0,882
15400,0,1047
15410,0,1527
15420,0,2014
15430,0,1791
15440,0,2328
15450,0,2281
15460,0,2922
15470,0,2644
15480,0,1747
15490,0,956
15500,0,676
15510,0,590
15520,0,0
15530,0,0
15540,0,0
15550,0,0
15560,0,0
15570,0,0
15580,187,0
15590,377,0
15600,915,0
15610,1125,0
15620,1798,0
15630,2367,0
15640,2800,0
15650,2697,0
15660,2198,0
15670,2238,0
15680,1662,0
15690,1541,0
15700,751,0
15710,514,0
15720,0,0
15730,0,0
15740,0,0
15750,0,0
15760,0,0
15770,0,0
15780,0,412
15790,0,465
15800,0,701
15810,0,1113
15820,0,1494
15830,0,2614
15840,0,1943
15850,0,3354
15860,0,2142
15870,0,2339
15880,0,2285
15890,0,2104
15900,0,1332
15910,0,957
15920,0,662
15930,0,0
15940,0,0
15950,0,0
15960,0,0
15970,0,0
15980,250,0
15990,428,0
16000,626,0
16010,904,0
16020,1590,0
16030,1526,0
16040,2254,0
16050,2722,0
16060,2221,0
16070,2528,0
16080,3034,0
16090,2580,0
16100,1936,0
16110,1328,0
16120,935,0
16130,651,0
16140,0,0
16150,0,0
16160,0,0
16170,0,0
16180,0,230
16190,0,336
16200,0,662
16210,0,1169
16220,0,1899
16230,0,1611
16240,0,1828
16250,0,2391
16260,0,2588
16270,0,2206
16280,0,1740
16290,0,1485
16300,0,1079
16310,0,721
16320,0,361
16330,0,0
16340,0,0
16350,0,0
16360,0,0
16370,0,0
16380,0,0
16390,0,0
16400,198,0
16410,547,0
16420,877,0
16430,1098,0
16440,1467,0
16450,2283,0
16460,2935,0
16470,3440,0
16480,2369,0
16490,2532,0
16500,2095,0
16510,1627,0
16520,869,0
16530,412,0
16540,0,0
16550,0,0
16560,0,0
16570,0,0
16580,0,0
16590,0,0
16600,0,0
16610,0,221
16620,0,319
16630,0,780
16640,0,873
16650,0,1812
16660,0,1728
16670,0,2484
16680,0,3177
16690,0,2763
16700,0,2646
16710,0,1851
16720,0,1604
16730,0,987
16740,0,494
16750,0,0
16760,0,0
16770,0,0
16780,0,0
16790,0,0
16800,0,0
16810,0,0
16820,0,0
16830,276,0
16840,420,0
16850,864,0
16860,932,0
16870,1674,0
16880,1870,0
16890,3027,0
16900,2927,0
16910,3352,0
16920,2448,0
16930,1629,0
16940,1666,0
16950,905,0
16960,666,0
16970,463,0
16980,0,0
16990,0,0
17000,0,0
17010,0,0
17020,0,0
17030,0,0
17040,0,0
17050,0,0
17060,0,369
17070,0,542
17080,0,920
17090,0,941
17100,0,1659
17110,0,1969
17120,0,2378
17130,0,2385
17140,0,2681
17150,0,2247
17160,0,1850
17170,0,2183
17180,0,1841
17190,0,907
17200,0,850
17210,0,531
17220,0,0
17230,0,0
17240,0,0
17250,0,0
17260,0,0
17270,0,0
17280,0,0
17290,0,0
17300,269,0
17310,549,0
17320,902,0
17330,1735,0
17340,2257,0
17350,1950,0
17360,2392,0
17370,2208,0
17380,2174,0
17390,2061,0
17400,1546,0
17410,1088,0
17420,979,0
17430,418,0
17440,0,0
17450,0,0
17460,0,0
17470,0,0
17480,0,0
17490,0,359
17500,0,402
17510,0,707
17520,0,1461
17530,0,1839
17540,0,2287
17550,0,2871
17560,0,3148
17570,0,2895
17580,0,3126
17590,0,2495
17600,0,2081
17610,0,1521
17620,0,1025
17630,0,522
17640,0,0
17650,0,0
17660,0,0
17670,0,0
17680,0,0
17690,303,0
17700,417,0
17710,579,0
17720,1084,0
17730,1113,0
17740,2004,0
17750,2392,0
17760,3082,0
17770,2605,0
17780,2531,0
17790,2945,0
17800,1683,0
17810,1756,0
17820,1488,0
17830,746,0
17840,606,0
17850,419,0
17860,0,0
17870,0,0
17880,0,0
17890,0,0
17900,0,0
17910,0,0
17920,0,0
17930,0,300
17940,0,411
17950,0,721
17960,0,1449
17970,0,1878
17980,0,1934
17990,0,3290
18000,0,2140
18010,0,2826
18020,0,2209
18030,0,1478
18040,0,860
18050,0,516
18060,0,0
18070,0,0
18080,0,0
18090,0,0
18100,0,0
18110,0,0
18120,0,0
18130,0,0
18140,384,0
18150,652,0
18160,691,0
18170,1421,0
18180,2087,0
18190,2736,0
18200,2248,0
18210,2653,0
18220,3155,0
18230,2605,0
18240,2197,0
18250,1280,0
18260,830,0
18270,740,0
18280,334,0
18290,0,0
18300,0,0
18310,0,0
18320,0,0
18330,0,0
18340,0,0
18350,0,0
18360,0,298
18370,0,724
18380,0,772
18390,0,1642
18400,0,2457
18410,0,2129
18420,0,2066
18430,0,2449
18440,0,2972
18450,0,1973
18460,0,1399
18470,0,942
18480,0,536
18490,0,0
18500,0,0
18510,0,0
18520,0,0
18530,0,0
18540,415,0
18550,504,0
18560,933,0
18570,1362,0
18580,1706,0
18590,2291,0
18600,2668,0
18610,2685,0
18620,3316,0
18630,2859,0
18640,1567,0
18650,1899,0
18660,1375,0
18670,736,0
18680,358,0
18690,0,0
18700,0,0
18710,0,0
18720,0,0
18730,0,0
18740,0,0
18750,0,301
18760,0,439
18770,0,1025
18780,0,1649
18790,0,1855
18800,0,2146
18810,0,2397
18820,0,3481
18830,0,3214
18840,0,2736
18850,0,1574
18860,0,1352
18870,0,738
18880,0,674
18890,0,0
18900,0,0
18910,0,0
18920,0,0
18930,0,0
18940,428,0
18950,509,0
18960,967,0
18970,1374,0
18980,2340,0
18990,2951,0
19000,3251,0
19010,2799,0
19020,2136,0
19030,2627,0
19040,2232,0
19050,1020,0
19060,822,0
19070,597,0
19080,0,0
19090,0,0
19100,0,0
19110,0,0
19120,0,0
19130,0,0
19140,0,0
19150,0,0
19160,0,329
19170,0,724
19180,0,969
19190,0,1229
19200,0,2479
19210,0,3088
19220,0,3367
19230,0,3030
19240,0,1937
19250,0,2381
19260,0,1769
19270,0,993
19280,0,628
19290,0,0
19300,0,0
19310,0,0
19320,0,0
19330,0,0
19340,333,0
19350,411,0
19360,859,0
19370,1192,0
19380,1446,0
19390,1869,0
19400,2424,0
19410,2936,0
19420,2387,0
19430,2331,0
19440,1909,0
19450,1599,0
19460,1145,0
19470,990,0
19480,560,0
19490,480,0
19500,0,0
19510,0,0
19520,0,0
19530,0,0
19540,0,0
19550,0,0
19560,0,0
19570,0,0
19580,0,0
19590,0,0
19600,0,0
19610,0,0
19620,0,0
19630,0,0
19640,0,0
19650,0,0
19660,0,0
19670,0,0
19680,0,0
19690,0,0
19700,0,0
19710,0,0
19720,0,0
19730,0,0
19740,0,0
19750,0,0
19760,0,0
19770,0,0
19780,0,0
19790,0,0
19800,0,0
19810,0,0
19820,0,398
19830,0,646
19840,0,667
19850,0,1542
19860,0,1652
19870,0,2506
19880,0,2033
19890,0,3154
19900,0,2767
19910,0,2205
19920,0,1980
19930,0,1677
19940,0,1885
19950,0,1317
19960,0,639
19970,0,604
19980,0,0
19990,0,0
20000,0,0
20010,0,0
20020,0,0
20030,323,0
20040,427,0
20050,966,0
20060,1407,0
20070,2371,0
20080,3015,0
20090,2427,0
20100,2896,0
20110,2992,0
20120,1995,0
20130,1715,0
20140,1005,0
20150,784,0
20160,358,0
20170,0,0
20180,0,0
20190,0,0
20200,0,0
20210,0,0
20220,0,0
20230,0,0
20240,0,338
20250,0,620
20260,0,766
20270,0,1257
20280,0,2068
20290,0,2417
20300,0,2589
20310,0,2874
20320,0,2575
20330,0,2662
20340,0,2596
20350,0,2213
20360,0,1610
20370,0,963
20380,0,683
20390,0,590
20400,0,0
20410,0,0
20420,0,0
20430,0,0
20440,0,0
20450,213,0
20460,427,0
20470,596,0
20480,1434,0
20490,1809,0
20500,2151,0
20510,2880,0
20520,2194,0
20530,3402,0
20540,2735,0
20550,1683,0
20560,1474,0
20570,869,0
20580,599,0
20590,388,0
20600,0,0
20610,0,0
20620,0,0
20630,0,0
20640,0,0
20650,0,0
20660,0,0
20670,0,304
20680,0,527
20690,0,619
20700,0,1137
20710,0,1175
20720,0,1694
20730,0,2430
20740,0,2549
20750,0,2043
20760,0,2816
20770,0,1942
20780,0,2263
20790,0,1998
20800,0,1403
20810,0,908
20820,0,690
20830,0,340
20840,0,0
20850,0,0
20860,0,0
20870,0,0
20880,0,0
20890,0,0
20900,0,0
20910,374,0
20920,580,0
20930,773,0
20940,1451,0
20950,1602,0
20960,3061,0
20970,3267,0
20980,2671,0
20990,2117,0
21000,1776,0
21010,1250,0
21020,1099,0
21030,813,0
21040,552,0
21050,0,0
21060,0,0
21070,0,0
21080,0,0
21090,0,0
21100,0,0
21110,0,0
21120,0,197
21130,0,556
21140,0,815
21150,0,1248
21160,0,1977
21170,0,1576
21180,0,2000
21190,0,2029
21200,0,2467
21210,0,2137
21220,0,1650
21230,0,1665
21240,0,1265
21250,0,730
21260,0,0
21270,0,0
21280,0,0
21290,0,0
21300,0,0
21310,0,0
21320,261,0
21330,432,0
21340,553,0
21350,981,0
21360,1331,0
21370,1836,0
21380,1916,0
21390,2010,0
21400,2487,0
21410,2762,0
21420,2862,0
21430,2351,0
21440,1621,0
21450,837,0
21460,579,0
21470,481,0
21480,0,0
21490,0,0
21500,0,0
21510,0,0
21520,0,0
21530,0,0
21540,0,311
21550,0,517
21560,0,545
21570,0,1321
21580,0,1703
21590,0,2286
21600,0,2155
21610,0,3346
21620,0,2294
21630,0,2502
21640,0,2487
21650,0,1441
21660,0,1816
21670,0,1092
21680,0,669
21690,0,529
21700,0,0
21710,0,0
21720,0,0
21730,0,0
21740,0,0
21750,0,0
21760,0,0
21770,259,0
21780,378,0
21790,863,0
21800,1302,0
21810,1177,0
21820,2162,0
21830,2330,0
21840,2045,0
21850,3075,0
21860,3023,0
21870,2663,0
21880,2235,0
21890,1798,0
21900,849,0
21910,784,0
21920,520,0
21930,0,0
21940,0,0
21950,0,0
21960,0,0
21970,0,0
21980,0,250
21990,0,697
22000,0,952
22010,0,1393
22020,0,1719
22030,0,1720
22040,0,2624
22050,0,2137
22060,0,2578
22070,0,2073
22080,0,2223
22090,0,1599
22100,0,722
22110,0,639
22120,0,0
22130,0,0
22140,0,0
22150,0,0
22160,0,0
22170,0,0
22180,339,0
22190,527,0
22200,798,0
22210,1544,0
22220,2367,0
22230,2466,0
22240,3300,0
22250,2298,0
22260,2927,0
22270,2019,0
22280,1679,0
22290,944,0
22300,607,0
22310,0,0
22320,0,0
22330,0,0
22340,0,0
22350,0,0
22360,0,0
22370,0,211
22380,0,397
22390,0,653
22400,0,1673
22410,0,2001
22420,0,1788
22430,0,2540
22440,0,2395
22450,0,1890
22460,0,1780
22470,0,1129
22480,0,940
22490,0,551
22500,0,0
22510,0,0
22520,0,0
22530,0,0
22540,0,0
22550,0,0
22560,0,0
22570,0,0
22580,334,0
22590,513,0
22600,883,0
22610,1227,0
22620,1419,0
22630,1490,0
22640,2849,0
22650,2287,0
22660,2583,0
22670,2666,0
22680,1871,0
22690,2550,0
22700,1635,0
22710,1169,0
22720,721,0
22730,577,0
22740,0,0
22750,0,0
22760,0,0
22770,0,0
22780,0,0
22790,0,0
22800,0,335
22810,0,536
22820,0,849
22830,0,1180
22840,0,1540
22850,0,1726
22860,0,2595
22870,0,3273
22880,0,3015
22890,0,2688
22900,0,2740
22910,0,1956
22920,0,1340
22930,0,1626
22940,0,944
22950,0,471
22960,0,389
22970,0,0
22980,0,0
22990,0,0
23000,0,0
23010,0,0
23020,332,0
23030,468,0
23040,1063,0
23050,1368,0
23060,1929,0
23070,1981,0
23080,2143,0
23090,2618,0
23100,2908,0
23110,1789,0
23120,1278,0
23130,899,0
23140,566,0
23150,0,0
23160,0,0
23170,0,0
23180,0,0
23190,0,308
23200,0,429
23210,0,551
23220,0,1192
23230,0,1415
23240,0,1731
23250,0,2281
23260,0,1885
23270,0,3418
23280,0,2718
23290,0,3115
23300,0,2484
23310,0,1860
23320,0,1906
23330,0,909
23340,0,647
23350,0,667
23360,0,0
23370,0,0
23380,0,0
23390,0,0
23400,0,0
23410,421,0
23420,632,0
23430,983,0
23440,1602,0
23450,2391,0
23460,2014,0
23470,2005,0
23480,2287,0
23490,3042,0
23500,2730,0
23510,1835,0
23520,943,0
23530,676,0
23540,385,0
23550,0,0
23560,0,0
23570,0,0
23580,0,0
23590,0,178
23600,0,479
23610,0,717
23620,0,1159
23630,0,1716
23640,0,2549
23650,0,1957
23660,0,3239
23670,0,2192
23680,0,2734
23690,0,1800
23700,0,1167
23710,0,720
23720,0,420
23730,0,0
23740,0,0
23750,0,0
23760,0,0
23770,0,0
23780,0,0
23790,256,0
23800,696,0
23810,833,0
23820,1690,0
23830,2038,0
23840,2542,0
23850,2621,0
23860,3268,0
23870,2249,0
23880,1766,0
23890,1137,0
23900,682,0
23910,465,0
23920,0,0
23930,0,0
23940,0,0
23950,0,0
23960,0,0
23970,0,0
23980,0,0
23990,0,247
24000,0,465
24010,0,722
24020,0,1269
24030,0,1288
24040,0,1906
24050,0,2279
24060,0,3395
24070,0,2887
24080,0,2223
24090,0,2499
24100,0,1532
24110,0,1434
24120,0,815
24130,0,387
24140,0,0
24150,0,0
24160,0,0
24170,0,0
24180,0,0
24190,0,0
24200,304,0
24210,505,0
24220,729,0
24230,1414,0
24240,1512,0
24250,2754,0
24260,2675,0
24270,2155,0
24280,3371,0
24290,2465,0
24300,2727,0
24310,1785,0
24320,1723,0
24330,751,0
24340,726,0
24350,443,0
24360,0,0
24370,0,0
24380,0,0
24390,0,0
24400,0,0
24410,0,0
24420,0,0
24430,0,0
24440,0,0
24450,0,0
24460,0,0
24470,0,0
24480,0,0
24490,0,0
24500,0,0
24510,0,0
24520,0,0
24530,0,0
24540,0,0
24550,0,0
24560,0,0
24570,0,0
24580,0,0
24590,0,0
24600,0,0
24610,0,0
24620,0,0
24630,0,0
24640,0,0
24650,0,0
24660,0,0
24670,0,0
24680,0,0
24690,0,226
24700,0,391
24710,0,558
24720,0,1246
24730,0,1743
24740,0,2271
24750,0,2677
24760,0,2183
24770,0,2716
24780,0,3015
24790,0,2279
24800,0,1820
24810,0,1594
24820,0,1153
24830,0,895
24840,0,724
24850,0,307
24860,0,0
24870,0,0
24880,0,0
24890,0,0
24900,0,0
24910,370,0
24920,685,0
24930,1049,0
24940,1291,0
24950,1839,0
24960,2418,0
24970,2036,0
24980,3185,0
24990,2173,0
25000,2035,0
25010,2245,0
25020,2010,0
25030,1941,0
25040,1427,0
25050,842,0
25060,559,0
25070,0,0
25080,0,0
25090,0,0
25100,0,0
25110,0,0
25120,0,0
25130,0,0
25140,0,0
25150,0,345
25160,0,575
25170,0,1000
25180,0,980
25190,0,1386
25200,0,2044
25210,0,2991
25220,0,2113
25230,0,2911
25240,0,2781
25250,0,2810
25260,0,2076
25270,0,1401
25280,0,833
25290,0,763
25300,0,497
25310,0,0
25320,0,0
25330,0,0
25340,0,0
25350,0,0
25360,293,0
25370,375,0
25380,577,0
25390,1103,0
25400,1617,0
25410,1468,0
25420,1897,0
25430,2908,0
25440,2309,0
25450,2563,0
25460,2082,0
25470,1763,0
25480,1591,0
25490,1521,0
25500,744,0
25510,523,0
25520,0,0
25530,0,0
25540,0,0
25550,0,0
25560,0,0
25570,0,0
25580,0,0
25590,0,344
25600,0,522
25610,0,717
25620,0,1249
25630,0,1632
25640,0,2795
25650,0,3013
25660,0,2560
25670,0,2134
25680,0,2678
25690,0,1685
25700,0,1505
25710,0,936
25720,0,396
25730,0,0
25740,0,0
25750,0,0
25760,0,0
25770,0,0
25780,384,0
25790,761,0
25800,884,0
25810,1793,0
25820,2385,0
25830,2097,0
25840,2331,0
25850,3288,0
25860,2881,0
25870,2471,0
25880,1685,0
25890,926,0
25900,649,0
25910,0,0
25920,0,0
25930,0,0
25940,0,0
25950,0,0
25960,0,0
25970,0,0
25980,0,223
25990,0,384
26000,0,652
26010,0,937
26020,0,2037
26030,0,2482
26040,0,2324
26050,0,3300
26060,0,2407
26070,0,2900
26080,0,2226
26090,0,2008
26100,0,1481
26110,0,620
26120,0,564
26130,0,0
26140,0,0
26150,0,0
26160,0,0
26170,0,0
26180,0,0
26190,0,0
26200,375,0
26210,607,0
26220,799,0
26230,1497,0
26240,1609,0
26250,2319,0
26260,2271,0
26270,3356,0
26280,2814,0
26290,2423,0
26300,2358,0
26310,1392,0
26320,1648,0
26330,710,0
26340,499,0
26350,0,0
26360,0,0
26370,0,0
26380,0,0
26390,0,0
26400,0,0
26410,0,0
26420,0,225
26430,0,438
26440,0,818
26450,0,1293
26460,0,1525
26470,0,2204
26480,0,3090
26490,0,2293
26500,0,2490
26510,0,2779
26520,0,1622
26530,0,1137
26540,0,731
26550,0,327
26560,0,0
26570,0,0
26580,0,0
26590,0,0
26600,230,0
26610,499,0
26620,908,0
26630,1012,0
26640,1726,0
26650,2081,0
26660,2844,0
26670,2247,0
26680,2374,0
26690,2286,0
26700,1483,0
26710,920,0
26720,540,0
26730,284,0
26740,0,0
26750,0,0
26760,0,0
26770,0,0
26780,0,0
26790,0,0
26800,0,261
26810,0,495
26820,0,943
26830,0,1241
26840,0,1510
26850,0,1791
26860,0,2423
26870,0,3144
26880,0,3447
26890,0,2425
26900,0,1875
26910,0,1440
26920,0,1361
26930,0,924
26940,0,554
26950,0,0
26960,0,0
26970,0,0
26980,0,0
26990,0,0
27000,362,0
27010,556,0
27020,1029,0
27030,1031,0
27040,1490,0
27050,2373,0
27060,2917,0
27070,2935,0
27080,2375,0
27090,2028,0
27100,2123,0
27110,1324,0
27120,685,0
27130,421,0
27140,0,0
27150,0,0
27160,0,0
27170,0,0
27180,0,0
27190,0,194
27200,0,433
27210,0,803
27220,0,1317
27230,0,1924
27240,0,2223
27250,0,2331
27260,0,3063
27270,0,1992
27280,0,2002
27290,0,2163
27300,0,1295
27310,0,1002
27320,0,869
27330,0,395
27340,0,0
27350,0,0
27360,0,0
27370,0,0
27380,0,0
27390,0,0
27400,0,0
27410,289,0
27420,483,0
27430,586,0
27440,1173,0
27450,1207,0
27460,2329,0
27470,2760,0
27480,2328,0
27490,2740,0
27500,2997,0
27510,2205,0
27520,1513,0
27530,1510,0
27540,1172,0
27550,750,0
27560,495,0
27570,0,0
27580,0,0
27590,0,0
27600,0,0
27610,0,0
27620,0,329
27630,0,702
27640,0,1129
27650,0,1561
27660,0,1443
27670,0,1812
27680,0,2033
27690,0,2785
27700,0,2733
27710,0,2464
27720,0,2469
27730,0,1723
27740,0,1066
27750,0,769
27760,0,660
27770,0,0
27780,0,0
27790,0,0
27800,0,0
27810,0,0
27820,235,0
27830,404,0
27840,738,0
27850,795,0
27860,1148,0
27870,1506,0
27880,2000,0
27890,3379,0
27900,2674,0
27910,2778,0
27920,2468,0
27930,1871,0
27940,1067,0
27950,1001,0
27960,577,0
27970,0,0
27980,0,0
27990,0,0
28000,0,0
28010,0,0
28020,0,0
28030,0,0
28040,0,227
28050,0,480
28060,0,970
28070,0,1200
28080,0,1466
28090,0,2245
28100,0,3045
28110,0,2604
28120,0,3136
28130,0,2349
28140,0,2179
28150,0,1641
28160,0,1147
28170,0,703
28180,0,467
28190,0,0
28200,0,0
28210,0,0
28220,0,0
28230,341,0
28240,482,0
28250,869,0
28260,876,0
28270,1625,0
28280,2011,0
28290,3001,0
28300,2172,0
28310,2848,0
28320,3031,0
28330,2203,0
28340,2397,0
28350,1789,0
28360,1224,0
28370,504,0
28380,485,0
28390,0,0
28400,0,0
28410,0,0
28420,0,0
28430,0,0
28440,0,0
28450,0,0
28460,0,251
28470,0,414
28480,0,948
28490,0,1421
28500,0,2021
28510,0,2015
28520,0,3306
28530,0,2105
28540,0,3037
28550,0,2438
28560,0,1492
28570,0,1372
28580,0,932
28590,0,566
28600,0,0
28610,0,0
28620,0,0
28630,0,0
28640,320,0
28650,460,0
28660,603,0
28670,1315,0
28680,1337,0
28690,1429,0
28700,2653,0
28710,3243,0
28720,2218,0
28730,2350,0
28740,1848,0
28750,2270,0
28760,1664,0
28770,1356,0
28780,772,0
28790,625,0
28800,462,0
28810,0,0
28820,0,0
28830,0,0
28840,0,0
28850,0,327
28860,0,692
28870,0,1200
28880,0,1893
28890,0,2287
28900,0,3220
28910,0,2120
28920,0,3347
28930,0,1950
28940,0,2078
28950,0,1179
28960,0,991
28970,0,490
28980,0,0
28990,0,0
29000,0,0
29010,0,0
29020,0,0
29030,0,0
29040,454,0
29050,711,0
29060,1179,0
29070,1551,0
29080,1965,0
29090,2116,0
29100,2906,0
29110,3054,0
29120,2428,0
29130,2319,0
29140,1525,0
29150,1297,0
29160,830,0
29170,459,0
29180,0,0
29190,0,0
29200,0,0
29210,0,0
29220,0,0
29230,0,0
29240,0,322
29250,0,568
29260,0,674
29270,0,1281
29280,0,1634
29290,0,1689
29300,0,2129
29310,0,2454
29320,0,3139
29330,0,2545
29340,0,2181
29350,0,1962
29360,0,1540
29370,0,1508
29380,0,729
29390,0,657
29400,0,0
29410,0,0
29420,0,0
29430,0,0
29440,0,0
29450,0,0
29460,0,0
29470,0,0
29480,0,0
29490,0,0
29500,0,0
29510,0,0
29520,0,0
29530,0,0
29540,0,0
29550,0,0
29560,0,0
29570,0,0
29580,0,0
29590,0,0
29600,0,0
29610,0,0
29620,0,0
29630,0,0
29640,0,0
29650,0,0
29660,0,0
29670,0,0
29680,0,0
29690,0,0
29700,0,0
29710,0,0
29720,0,0
29730,0,0
29740,0,0
29750,0,0
29760,0,0
29770,279,0
29780,457,0
29790,691,0
29800,1217,0
29810,1584,0
29820,2398,0
29830,3161,0
29840,2536,0
29850,2553,0
29860,2017,0
29870,2365,0
29880,1914,0
29890,1220,0
29900,689,0
29910,403,0
29920,0,0
29930,0,0
29940,0,0
29950,0,0
29960,0,0
29970,0,0
29980,0,243
29990,0,400
30000,0,786
30010,0,991
30020,0,1735
30030,0,2944
30040,0,2097
30050,0,2700
30060,0,2674
30070,0,2557
30080,0,1444
30090,0,1146
30100,0,567
30110,0,0
30120,0,0
30130,0,0
30140,0,0
30150,0,0
30160,191,0
30170,443,0
30180,608,0
30190,1155,0
30200,1790,0
30210,1764,0
30220,1924,0
30230,2121,0
30240,3258,0
30250,3102,0
30260,2166,0
30270,1804,0
30280,1169,0
30290,1334,0
30300,805,0
30310,392,0
30320,0,0
30330,0,0
30340,0,0
30350,0,0
30360,0,377
30370,0,485
30380,0,655
30390,0,1009
30400,0,1774
30410,0,2102
30420,0,3180
30430,0,2938
30440,0,2183
30450,0,3112
30460,0,1792
30470,0,1252
30480,0,1431
30490,0,723
30500,0,555
30510,0,0
30520,0,0
30530,0,0
30540,0,0
30550,0,0
30560,0,0
30570,383,0
30580,575,0
30590,904,0
30600,1477,0
30610,1450,0
30620,1970,0
30630,2379,0
30640,2532,0
30650,3314,0
30660,2004,0
30670,1818,0
30680,2279,0
30690,1656,0
30700,916,0
30710,757,0
30720,523,0
30730,0,0
30740,0,0
30750,0,0
30760,0,0
30770,0,0
30780,0,0
30790,0,280
30800,0,529
30810,0,989
30820,0,1171
30830,0,1368
30840,0,2292
30850,0,2817
30860,0,2370
30870,0,2551
30880,0,1876
30890,0,1556
30900,0,1594
30910,0,1420
30920,0,991
30930,0,431
30940,0,0
30950,0,0
30960,0,0
30970,0,0
30980,0,0
30990,0,0
31000,0,0
31010,0,0
31020,326,0
31030,522,0
31040,918,0
31050,1501,0
31060,1900,0
31070,2356,0
31080,2704,0
31090,2229,0
31100,3025,0
31110,2800,0
31120,2141,0
31130,1652,0
31140,1183,0
31150,1017,0
31160,592,0
31170,553,0
31180,0,0
31190,0,0
31200,0,0
31210,0,0
31220,0,0
31230,0,351
31240,0,710
31250,0,877
31260,0,1788
31270,0,1661
31280,0,1747
31290,0,2612
31300,0,2599
31310,0,2959
31320,0,2707
31330,0,1496
31340,0,1049
31350,0,939
31360,0,566
31370,0,0
31380,0,0
31390,0,0
31400,0,0
31410,0,0
31420,0,0
31430,338,0
31440,611,0
31450,1054,0
31460,1366,0
31470,1507,0
31480,2415,0
31490,3261,0
31500,2192,0
31510,2239,0
31520,1855,0
31530,1900,0
31540,1221,0
31550,755,0
31560,363,0
31570,0,0
31580,0,0
31590,0,0
31600,0,0
31610,0,223
31620,0,416
31630,0,590
31640,0,1034
31650,0,1262
31660,0,1735
31670,0,2084
31680,0,2922
31690,0,3432
31700,0,3160
31710,0,1906
31720,0,2119
31730,0,2319
31740,0,1480
31750,0,1349
31760,0,670
31770,0,368
31780,0,0
31790,0,0
31800,0,0
31810,0,0
31820,0,0
31830,0,0
31840,0,0
31850,243,0
31860,323,0
31870,766,0
31880,1103,0
31890,1422,0
31900,2266,0
31910,3212,0
31920,3028,0
31930,3279,0
31940,2155,0
31950,2154,0
31960,981,0
31970,905,0
31980,400,0
31990,0,0
32000,0,0
32010,0,0
32020,0,0
32030,0,0
32040,0,0
32050,0,326
32060,0,717
32070,0,901
32080,0,1352
32090,0,1697
32100,0,2705
32110,0,2298
32120,0,2866
32130,0,2805
32140,0,1907
32150,0,1409
32160,0,1095
32170,0,577
32180,0,0
32190,0,0
32200,0,0
32210,0,0
32220,261,0
32230,463,0
32240,799,0
32250,868,0
32260,1242,0
32270,2201,0
32280,2563,0
32290,1983,0
32300,3034,0
32310,2902,0
32320,2904,0
32330,2876,0
32340,1903,0
32350,1168,0
32360,1246,0
32370,602,0
32380,368,0
32390,0,0
32400,0,0
32410,0,0
32420,0,0
32430,0,0
32440,0,0
32450,0,0
32460,0,321
32470,0,529
32480,0,665
32490,0,1288
32500,0,1731
32510,0,1653
32520,0,2005
32530,0,2561
32540,0,3063
32550,0,2823
32560,0,1975
32570,0,2535
32580,0,1429
32590,0,1510
32600,0,956
32610,0,577
32620,0,0
32630,0,0
32640,0,0
32650,0,0
32660,0,0
32670,0,0
32680,0,0
32690,0,0
32700,295,0
32710,727,0
32720,1116,0
32730,1183,0
32740,2178,0
32750,2040,0
32760,3015,0
32770,2816,0
32780,2638,0
32790,2346,0
32800,1186,0
32810,1205,0
32820,703,0
32830,457,0
32840,0,0
32850,0,0
32860,0,0
32870,0,0
32880,0,303
32890,0,669
32900,0,612
32910,0,1223
32920,0,1488
32930,0,1499
32940,0,2158
32950,0,3095
32960,0,2148
32970,0,2006
32980,0,2460
32990,0,1939
33000,0,1918
33010,0,865
33020,0,856
33030,0,370
33040,0,0
33050,0,0
33060,0,0
33070,0,0
33080,0,0
33090,289,0
33100,705,0
33110,786,0
33120,1437,0
33130,2095,0
33140,2117,0
33150,2245,0
33160,3281,0
33170,3166,0
33180,2511,0
33190,1642,0
33200,1098,0
33210,696,0
33220,419,0
33230,0,0
33240,0,0
33250,0,0
33260,0,0
33270,0,289
33280,0,478
33290,0,582
33300,0,1334
33310,0,1804
33320,0,2143
33330,0,1889
33340,0,3134
33350,0,2698
33360,0,2216
33370,0,2178
33380,0,2496
33390,0,1851
33400,0,1564
33410,0,827
33420,0,864
33430,0,385
33440,0,0
33450,0,0
33460,0,0
33470,0,0
33480,175,0
33490,329,0
33500,708,0
33510,1236,0
33520,2003,0
33530,2667,0
33540,2840,0
33550,2842,0
33560,3048,0
33570,2498,0
33580,1856,0
33590,1441,0
33600,1186,0
33610,700,0
33620,352,0
33630,0,0
33640,0,0
33650,0,0
33660,0,0
33670,0,0
33680,0,0
33690,0,217
33700,0,388
33710,0,983
33720,0,988
33730,0,1301
33740,0,2721
33750,0,2705
33760,0,3258
33770,0,1943
33780,0,2063
33790,0,1572
33800,0,985
33810,0,654
33820,0,555
33830,0,0
33840,0,0
33850,0,0
33860,0,0
33870,0,0
33880,0,0
33890,0,0
33900,0,0
33910,279,0
33920,682,0
33930,1197,0
33940,1821,0
33950,2468,0
33960,1834,0
33970,2440,0
33980,2084,0
33990,2635,0
34000,2320,0
34010,1559,0
34020,1405,0
34030,728,0
34040,380,0
34050,0,0
34060,0,0
34070,0,0
34080,0,0
34090,0,0
34100,0,0
34110,0,0
34120,0,0
34130,0,279
34140,0,602
34150,0,786
34160,0,1077
34170,0,2041
34180,0,2336
34190,0,2303
34200,0,3060
34210,0,3222
34220,0,3290
34230,0,2365
34240,0,1897
34250,0,1607
34260,0,1062
34270,0,1098
34280,0,666
34290,0,331
34300,0,0
34310,0,0
34320,0,0
34330,0,0
34340,347,0
34350,518,0
34360,774,0
34370,917,0
34380,1820,0
34390,2345,0
34400,2037,0
34410,3147,0
34420,3387,0
34430,2809,0
34440,2815,0
34450,2331,0
34460,1311,0
34470,1284,0
34480,1123,0
34490,764,0
34500,395,0
34510,0,0
34520,0,0
34530,0,0
34540,0,0
34550,0,295
34560,0,444
34570,0,927
34580,0,1158
34590,0,1602
34600,0,1681
34610,0,2282
34620,0,2687
34630,0,2375
34640,0,2963
34650,0,2516
34660,0,1738
34670,0,1309
34680,0,985
34690,0,853
34700,0,346
34710,0,0
34720,0,0
34730,0,0
34740,0,0
34750,0,0
34760,0,0
34770,0,0
34780,0,0
34790,0,0
34800,0,0
34810,0,0
34820,0,0
34830,0,0
34840,0,0
34850,0,0
34860,0,0
34870,0,0
34880,0,0
34890,0,0
34900,0,0
34910,0,0
34920,0,0
34930,0,0
34940,0,0
34950,0,0
34960,0,0
34970,0,0
34980,0,0
34990,0,0
35000,0,0
35010,0,0
35020,0,0
35030,0,0
35040,0,0
35050,0,0
35060,0,0
35070,0,0
35080,0,0
35090,0,0
35100,290,0
35110,349,0
35120,816,0
35130,1084,0
35140,1500,0
35150,2134,0
35160,2538,0
35170,2124,0
35180,2776,0
35190,2472,0
35200,2332,0
35210,1956,0
35220,1777,0
35230,1697,0
35240,795,0
35250,725,0
35260,433,0
35270,0,0
35280,0,0
35290,0,0
35300,0,0
35310,0,0
35320,0,0
35330,0,0
35340,0,179
35350,0,441
35360,0,803
35370,0,834
35380,0,1037
35390,0,1657
35400,0,2219
35410,0,3112
35420,0,3204
35430,0,3211
35440,0,1935
35450,0,1750
35460,0,1587
35470,0,1627
35480,0,1262
35490,0,814
35500,0,471
35510,0,0
35520,0,0
35530,0,0
35540,0,0
35550,0,0
35560,0,0
35570,293,0
35580,628,0
35590,823,0
35600,1341,0
35610,1775,0
35620,1708,0
35630,2330,0
35640,2389,0
35650,2145,0
35660,2506,0
35670,1691,0
35680,1713,0
35690,1097,0
35700,725,0
35710,0,0
35720,0,0
35730,0,0
35740,0,0
35750,0,0
35760,0,0
35770,0,308
35780,0,615
35790,0,861
35800,0,1576
35810,0,1795
35820,0,2154
35830,0,2645
35840,0,2952
35850,0,2991
35860,0,2872
35870,0,1940
35880,0,1414
35890,0,951
35900,0,660
35910,0,436
35920,0,0
35930,0,0
35940,0,0
35950,0,0
35960,0,0
35970,282,0
35980,502,0
35990,623,0
36000,1505,0
36010,1795,0
36020,2069,0
36030,2219,0
36040,2739,0
36050,2599,0
36060,2548,0
36070,1562,0
36080,1799,0
36090,982,0
36100,591,0
36110,308,0
36120,0,0
36130,0,0
36140,0,0
36150,0,0
36160,0,0
36170,0,0
36180,0,216
36190,0,509
36200,0,897
36210,0,1402
36220,0,2172
36230,0,2301
36240,0,2454
36250,0,2310
36260,0,2307
36270,0,2242
36280,0,1638
36290,0,1321
36300,0,980
36310,0,457
36320,0,0
36330,0,0
36340,0,0
36350,0,0
36360,0,0
36370,0,0
36380,328,0
36390,576,0
36400,973,0
36410,1457,0
36420,1577,0
36430,1885,0
36440,2651,0
36450,3391,0
36460,3311,0
36470,2864,0
36480,2491,0
36490,1639,0
36500,1881,0
36510,1046,0
36520,600,0
36530,362,0
36540,0,0
36550,0,0
36560,0,0
36570,0,0
36580,0,0
36590,0,0
36600,0,385
36610,0,646
36620,0,1046
36630,0,1256
36640,0,2246
36650,0,2947
36660,0,2092
36670,0,3033
36680,0,1840
36690,0,1554
36700,0,1780
36710,0,731
36720,0,417
36730,0,0
36740,0,0
36750,0,0
36760,0,0
36770,259,0
36780,361,0
36790,842,0
36800,950,0
36810,1149,0
36820,2411,0
36830,1954,0
36840,1924,0
36850,2445,0
36860,2957,0
36870,2592,0
36880,2062,0
36890,1244,0
36900,1398,0
36910,963,0
36920,620,0
36930,0,0
36940,0,0
36950,0,0
36960,0,0
36970,0,0
36980,0,0
36990,0,0
37000,0,0
37010,0,338
37020,0,518
37030,0,908
37040,0,1191
37050,0,1106
37060,0,1407
37070,0,2595
37080,0,2959
37090,0,2833
37100,0,1991
37110,0,1849
37120,0,2426
37130,0,2218
37140,0,1239
37150,0,1064
37160,0,591
37170,0,289
37180,0,0
37190,0,0
37200,0,0
37210,0,0
37220,254,0
37230,560,0
37240,969,0
37250,1305,0
37260,1528,0
37270,1839,0
37280,2106,0
37290,3071,0
37300,2163,0
37310,1981,0
37320,1451,0
37330,1363,0
37340,795,0
37350,363,0
37360,0,0
37370,0,0
37380,0,0
37390,0,0
37400,0,0
37410,0,0
37420,0,0
37430,0,269
37440,0,460
37450,0,847
37460,0,991
37470,0,1764
37480,0,2296
37490,0,2769
37500,0,3153
37510,0,2417
37520,0,2935
37530,0,1705
37540,0,1337
37550,0,1173
37560,0,460
37570,0,0
37580,0,0
37590,0,0
37600,0,0
37610,0,0
37620,0,0
37630,0,0
37640,0,0
37650,451,0
37660,777,0
37670,761,0
37680,1173,0
37690,2016,0
37700,2413,0
37710,2696,0
37720,3125,0
37730,2794,0
37740,1714,0
37750,2121,0
37760,941,0
37770,1067,0
37780,445,0
37790,0,0
37800,0,0
37810,0,0
37820,0,0
37830,0,0
37840,0,232
37850,0,565
37860,0,869
37870,0,1486
37880,0,1647
37890,0,2464
37900,0,2007
37910,0,3050
37920,0,2066
37930,0,2259
37940,0,1897
37950,0,2101
37960,0,1415
37970,0,895
37980,0,477
37990,0,0
38000,0,0
38010,0,0
38020,0,0
38030,0,0
38040,283,0
38050,504,0
38060,1263,0
38070,1388,0
38080,2232,0
38090,2757,0
38100,3265,0
38110,2061,0
38120,2210,0
38130,2117,0
38140,1278,0
38150,1096,0
38160,954,0
38170,413,0
38180,0,0
38190,0,0
38200,0,0
38210,0,0
38220,0,0
38230,0,0
38240,0,286
38250,0,427
38260,0,550
38270,0,1032
38280,0,1312
38290,0,2322
38300,0,2207
38310,0,3095
38320,0,2785
38330,0,3153
38340,0,2487
38350,0,1695
38360,0,1281
38370,0,702
38380,0,643
38390,0,0
38400,0,0
38410,0,0
38420,0,0
38430,0,0
38440,336,0
38450,360,0
38460,812,0
38470,1086,0
38480,1175,0
38490,1583,0
38500,2501,0
38510,2386,0
38520,2155,0
38530,2600,0
38540,2798,0
38550,2344,0
38560,1794,0
38570,1128,0
38580,716,0
38590,344,0
38600,0,0
38610,0,0
38620,0,0
38630,0,0
38640,0,0
38650,0,0
38660,0,0
38670,0,274
38680,0,387
38690,0,743
38700,0,1180
38710,0,1378
38720,0,1994
38730,0,2758
38740,0,2704
38750,0,2876
38760,0,2230
38770,0,2750
38780,0,2065
38790,0,1587
38800,0,887
38810,0,431
38820,0,0
38830,0,0
38840,0,0
38850,0,0
38860,0,0
38870,0,0
38880,0,0
38890,0,0
38900,319,0
38910,432,0
38920,658,0
38930,1348,0
38940,1159,0
38950,1511,0
38960,2143,0
38970,2194,0
38980,2772,0
38990,3391,0
39000,2970,0
39010,1787,0
39020,1729,0
39030,1224,0
39040,884,0
39050,467,0
39060,0,0
39070,0,0
39080,0,0
39090,0,0
39100,0,181
39110,0,286
39120,0,603
39130,0,1005
39140,0,1332
39150,0,1637
39160,0,1748
39170,0,2074
39180,0,2147
39190,0,2373
39200,0,2712
39210,0,2428
39220,0,2160
39230,0,1670
39240,0,1175
39250,0,740
39260,0,365
39270,0,0
39280,0,0
39290,0,0
39300,0,0
39310,0,0
39320,0,0
39330,228,0
39340,449,0
39350,937,0
39360,1631,0
39370,1557,0
39380,2832,0
39390,3166,0
39400,2642,0
39410,2525,0
39420,1514,0
39430,1450,0
39440,1073,0
39450,642,0
39460,0,0
39470,0,0
39480,0,0
39490,0,0
39500,0,0
39510,0,190
39520,0,560
39530,0,849
39540,0,1040
39550,0,1866
39560,0,2340
39570,0,2129
39580,0,3366
39590,0,2749
39600,0,2129
39610,0,1742
39620,0,1501
39630,0,1089
39640,0,688
39650,0,483
39660,0,0
39670,0,0
39680,0,0
39690,0,0
39700,0,0
39710,311,0
39720,516,0
39730,922,0
39740,1669,0
39750,1964,0
39760,2628,0
39770,2601,0
39780,2918,0
39790,1864,0
39800,1896,0
39810,1261,0
39820,822,0
39830,676,0
39840,0,0
39850,0,0
39860,0,0
39870,0,0
39880,0,0
39890,0,0
39900,0,0
39910,0,0
39920,0,417
39930,0,685
39940,0,1188
39950,0,1779
39960,0,1755
39970,0,2616
39980,0,2186
39990,0,2254
40000,0,2370
40010,0,1508
40020,0,1585
40030,0,1034
40040,0,784
40050,0,375
40060,0,0
40070,0,0
40080,0,0
40090,0,0
40100,0,0
40110,0,0
40120,0,0
40130,0,0
40140,0,0
40150,0,0
40160,0,0
40170,0,0
40180,0,0
40190,0,0
40200,0,0
40210,0,0
40220,0,0
40230,0,0
40240,0,0
40250,0,0
40260,0,0
40270,0,0
40280,0,0
40290,0,0
40300,0,0
40310,0,0
40320,0,0
40330,0,0
40340,0,0
40350,0,0
40360,0,0
40370,0,0
40380,0,0
40390,0,0
40400,285,0
40410,547,0
40420,825,0
40430,1324,0
40440,2109,0
40450,2575,0
40460,2121,0
40470,2605,0
40480,2601,0
40490,2865,0
40500,2520,0
40510,1356,0
40520,1178,0
40530,675,0
40540,358,0
40550,0,0
40560,0,0
40570,0,0
40580,0,0
40590,0,0
40600,0,0
40610,0,0
40620,0,0
40630,0,380
40640,0,626
40650,0,976
40660,0,1873
40670,0,2399
40680,0,2656
40690,0,3118
40700,0,2482
40710,0,2455
40720,0,2157
40730,0,1549
40740,0,1191
40750,0,752
40760,0,360
40770,0,0
40780,0,0
40790,0,0
40800,0,0
40810,0,0
40820,0,0
40830,333,0
40840,460,0
40850,1013,0
40860,1484,0
40870,1554,0
40880,2808,0
40890,2973,0
40900,2054,0
40910,3349,0
40920,2479,0
40930,2327,0
40940,1199,0
40950,956,0
40960,523,0
40970,0,0
40980,0,0
40990,0,0
41000,0,0
41010,0,0
41020,0,0
41030,0,0
41040,0,0
41050,0,300
41060,0,344
41070,0,766
41080,0,1406
41090,0,1779
41100,0,1743
41110,0,2991
41120,0,2591
41130,0,2468
41140,0,2283
41150,0,2554
41160,0,1362
41170,0,1442
41180,0,774
41190,0,445
41200,0,0
41210,0,0
41220,0,0
41230,0,0
41240,0,0
41250,0,0
41260,0,0
41270,221,0
41280,510,0
41290,892,0
41300,1218,0
41310,1795,0
41320,2034,0
41330,2669,0
41340,2921,0
41350,3415,0
41360,2766,0
41370,2724,0
41380,1529,0
41390,1582,0
41400,1454,0
41410,894,0
41420,590,0
41430,0,0
41440,0,0
41450,0,0
41460,0,0
41470,0,0
41480,0,0
41490,0,392
41500,0,478
41510,0,817
41520,0,1385
41530,0,2498
41540,0,3052
41550,0,2709
41560,0,2288
41570,0,2879
41580,0,2244
41590,0,1033
41600,0,1004
41610,0,614
41620,0,0
41630,0,0
41640,0,0
41650,0,0
41660,0,0
41670,458,0
41680,718,0
41690,914,0
41700,1226,0
41710,1747,0
41720,1672,0
41730,1783,0
41740,2133,0
41750,2529,0
41760,2378,0
41770,2687,0
41780,2311,0
41790,1905,0
41800,1459,0
41810,1106,0
41820,687,0
41830,331,0
41840,0,0
41850,0,0
41860,0,0
41870,0,0
41880,0,0
41890,0,0
41900,0,256
41910,0,444
41920,0,753
41930,0,1219
41940,0,1981
41950,0,2429
41960,0,3081
41970,0,2985
41980,0,2288
41990,0,2474
42000,0,1587
42010,0,1799
42020,0,951
42030,0,734
42040,0,484
42050,0,0
42060,0,0
42070,0,0
42080,0,0
42090,193,0
42100,391,0
42110,1078,0
42120,1114,0
42130,1863,0
42140,2288,0
42150,2648,0
42160,2906,0
42170,2173,0
42180,2227,0
42190,1572,0
42200,925,0
42210,588,0
42220,0,0
42230,0,0
42240,0,0
42250,0,0
42260,0,0
42270,0,0
42280,0,187
42290,0,470
42300,0,976
42310,0,1507
42320,0,1830
42330,0,2139
42340,0,2014
42350,0,2612
42360,0,2009
42370,0,2896
42380,0,1482
42390,0,973
42400,0,836
42410,0,607
42420,0,0
42430,0,0
42440,0,0
42450,0,0
42460,0,0
42470,0,0
42480,0,0
42490,0,0
42500,221,0
42510,608,0
42520,693,0
42530,1123,0
42540,1908,0
42550,1874,0
42560,2909,0
42570,2317,0
42580,2620,0
42590,2776,0
42600,2096,0
42610,1629,0
42620,951,0
42630,693,0
42640,471,0
42650,0,0
42660,0,0
42670,0,0
42680,0,0
42690,0,0
42700,0,304
42710,0,508
42720,0,1096
42730,0,1597
42740,0,1844
42750,0,2236
42760,0,1896
42770,0,3227
42780,0,2382
42790,0,2689
42800,0,2556
42810,0,1840
42820,0,1334
42830,0,665
42840,0,735
42850,0,0
42860,0,0
42870,0,0
42880,0,0
42890,0,0
42900,0,0
42910,0,0
42920,0,0
42930,263,0
42940,448,0
42950,755,0
42960,1492,0
42970,1264,0
42980,2404,0
42990,1971,0
43000,3035,0
43010,2376,0
43020,2594,0
43030,2211,0
43040,1625,0
43050,1504,0
43060,804,0
43070,597,0
43080,481,0
43090,0,0
43100,0,0
43110,0,0
43120,0,0
43130,0,0
43140,0,0
43150,0,0
43160,0,266
43170,0,539
43180,0,1021
43190,0,1285
43200,0,2213
43210,0,2424
43220,0,3186
43230,0,2778
43240,0,2871
43250,0,1621
43260,0,1426
43270,0,927
43280,0,581
43290,0,0
43300,0,0
43310,0,0
43320,0,0
43330,0,0
43340,362,0
43350,487,0
43360,1178,0
43370,1821,0
43380,1884,0
43390,2898,0
43400,3166,0
43410,2144,0
43420,3003,0
43430,1642,0
43440,1396,0
43450,781,0
43460,515,0
43470,0,0
43480,0,0
43490,0,0
43500,0,0
43510,0,0
43520,0,256
43530,0,370
43540,0,622
43550,0,1071
43560,0,1832
43570,0,1585
43580,0,2548
43590,0,2640
43600,0,2847
43610,0,3168
43620,0,2070
43630,0,2484
43640,0,1754
43650,0,1360
43660,0,795
43670,0,659
43680,0,446
43690,0,0
43700,0,0
43710,0,0
43720,0,0
43730,374,0
43740,706,0
43750,1083,0
43760,1122,0
43770,2021,0
43780,1886,0
43790,2795,0
43800,2578,0
43810,2249,0
43820,2142,0
43830,2008,0
43840,1735,0
43850,1402,0
43860,604,0
43870,484,0
43880,0,0
43890,0,0
43900,0,0
43910,0,0
43920,0,0
43930,0,0
43940,0,0
43950,0,0
43960,0,246
43970,0,599
43980,0,701
43990,0,1060
44000,0,1657
44010,0,2357
44020,0,2674
44030,0,3238
44040,0,3012
44050,0,2734
44060,0,2957
44070,0,2206
44080,0,1651
44090,0,1477
44100,0,859
44110,0,573
44120,0,0
44130,0,0
44140,0,0
44150,0,0
44160,0,0
44170,225,0
44180,362,0
44190,851,0
44200,832,0
44210,1375,0
44220,1882,0
44230,1794,0
44240,2477,0
44250,2459,0
44260,2976,0
44270,2217,0
44280,1661,0
44290,1599,0
44300,1228,0
44310,777,0
44320,496,0
44330,0,0
44340,0,0
44350,0,0
44360,0,0
44370,0,0
44380,0,385
44390,0,521
44400,0,1229
44410,0,1287
44420,0,1964
44430,0,2880
44440,0,2745
44450,0,3004
44460,0,1751
44470,0,2278
44480,0,1335
44490,0,903
44500,0,401
44510,0,0
44520,0,0
44530,0,0
44540,0,0
44550,0,0
44560,0,0
44570,346,0
44580,456,0
44590,1089,0
44600,1195,0
44610,1681,0
44620,1664,0
44630,2719,0
44640,2525,0
44650,2668,0
44660,1957,0
44670,2202,0
44680,1330,0
44690,1066,0
44700,696,0
44710,567,0
44720,0,0
44730,0,0
44740,0,0
44750,0,0
44760,0,305
44770,0,434
44780,0,909
44790,0,1302
44800,0,1858
44810,0,2107
44820,0,2056
44830,0,3179
44840,0,2281
44850,0,2288
44860,0,1999
44870,0,1412
44880,0,1572
44890,0,929
44900,0,672
44910,0,0
44920,0,0
44930,0,0
44940,0,0
44950,0,0
44960,0,0
44970,308,0
44980,681,0
44990,1058,0
45000,1181,0
45010,1816,0
45020,2912,0
45030,2498,0
45040,2591,0
45050,3022,0
45060,2117,0
45070,2029,0
45080,1650,0
45090,716,0
45100,456,0
45110,0,0
45120,0,0
45130,0,0
45140,0,0
45150,0,0
45160,0,323
45170,0,417
45180,0,807
45190,0,1550
45200,0,1428
45210,0,2734
45220,0,2101
45230,0,2495
45240,0,2266
45250,0,3122
45260,0,2033
45270,0,1498
45280,0,1461
45290,0,808
45300,0,533
45310,0,0
45320,0,0
45330,0,0
45340,0,0
45350,0,0
45360,0,0
45370,0,0
45380,0,0
45390,310,0
45400,717,0
45410,1148,0
45420,1273,0
45430,2182,0
45440,2335,0
45450,2597,0
45460,2915,0
45470,2114,0
45480,2958,0
45490,1665,0
45500,1689,0
45510,1333,0
45520,758,0
45530,634,0
45540,0,0
45550,0,0
45560,0,0
45570,0,0
45580,0,0
45590,0,0
45600,0,0
45610,0,0
45620,0,0
45630,0,0
45640,0,0
45650,0,0
45660,0,0
45670,0,0
45680,0,0
45690,0,0
45700,0,0
45710,0,0
45720,0,0
45730,0,0
45740,0,0
45750,0,0
45760,0,0
45770,0,0
45780,0,0
45790,0,0
45800,0,0
45810,0,0
45820,0,0
45830,0,0
45840,0,0
45850,0,0
45860,0,0
45870,0,0
45880,0,0
45890,0,0
45900,0,0
45910,0,0
45920,0,0
45930,0,270
45940,0,534
45950,0,923
45960,0,1261
45970,0,2100
45980,0,1670
45990,0,3351
46000,0,2189
46010,0,3315
46020,0,2400
46030,0,2110
46040,0,1527
46050,0,1005
46060,0,470
46070,0,0
46080,0,0
46090,0,0
46100,0,0
46110,0,0
46120,159,0
46130,445,0
46140,707,0
46150,978,0
46160,1665,0
46170,1852,0
46180,2746,0
46190,2529,0
46200,2616,0
46210,2285,0
46220,1954,0
46230,1689,0
46240,1169,0
46250,513,0
46260,0,0
46270,0,0
46280,0,0
46290,0,0
46300,0,0
46310,0,0
46320,0,427
46330,0,674
46340,0,941
46350,0,1697
46360,0,1394
46370,0,1716
46380,0,2067
46390,0,3270
46400,0,2887
46410,0,1824
46420,0,1714
46430,0,1389
46440,0,1267
46450,0,866
46460,0,371
46470,0,0
46480,0,0
46490,0,0
46500,0,0
46510,248,0
46520,390,0
46530,943,0
46540,977,0
46550,2035,0
46560,2067,0
46570,2161,0
46580,2553,0
46590,2134,0
46600,2895,0
46610,1924,0
46620,1304,0
46630,757,0
46640,591,0
46650,0,0
46660,0,0
46670,0,0
46680,0,0
46690,0,0
46700,0,0
46710,0,269
46720,0,475
46730,0,552
46740,0,763
46750,0,1449
46760,0,2234
46770,0,2188
46780,0,3302
46790,0,3426
46800,0,2420
46810,0,2549
46820,0,2490
46830,0,1271
46840,0,1449
46850,0,620
46860,0,353
46870,0,0
46880,0,0
46890,0,0
46900,0,0
46910,0,0
46920,0,0
46930,329,0
46940,692,0
46950,792,0
46960,1207,0
46970,2274,0
46980,2128,0
46990,2970,0
47000,3388,0
47010,2751,0
47020,1657,0
47030,1320,0
47040,1643,0
47050,872,0
47060,447,0
47070,0,0
47080,0,0
47090,0,0
47100,0,0
47110,0,0
47120,0,242
47130,0,557
47140,0,644
47150,0,1329
47160,0,1362
47170,0,2017
47180,0,2647
47190,0,2182
47200,0,3324
47210,0,1805
47220,0,1404
47230,0,1179
47240,0,780
47250,0,425
47260,0,0
47270,0,0
47280,0,0
47290,0,0
47300,0,0
47310,0,0
47320,189,0
47330,456,0
47340,658,0
47350,1524,0
47360,2221,0
47370,1925,0
47380,2067,0
47390,3079,0
47400,2918,0
47410,1554,0
47420,1873,0
47430,1290,0
47440,546,0
47450,0,0
47460,0,0
47470,0,0
47480,0,0
47490,0,0
47500,0,0
47510,0,0
47520,0,221
47530,0,390
47540,0,860
47550,0,948
47560,0,1844
47570,0,1709
47580,0,2536
47590,0,3209
47600,0,3381
47610,0,2662
47620,0,1890
47630,0,1300
47640,0,930
47650,0,623
47660,0,363
47670,0,0
47680,0,0
47690,0,0
47700,0,0
47710,0,0
47720,328,0
47730,613,0
47740,777,0
47750,1124,0
47760,1640,0
47770,1932,0
47780,1993,0
47790,2426,0
47800,2566,0
47810,3190,0
47820,1866,0
47830,1793,0
47840,1734,0
47850,1288,0
47860,863,0
47870,579,0
47880,0,0
47890,0,0
47900,0,0
47910,0,0
47920,0,0
47930,0,0
47940,0,306
47950,0,437
47960,0,953
47970,0,871
47980,0,1986
47990,0,1999
48000,0,2190
48010,0,3021
48020,0,3214
48030,0,2789
48040,0,1860
48050,0,1711
48060,0,1147
48070,0,971
48080,0,377
48090,0,0
48100,0,0
48110,0,0
48120,0,0
48130,0,0
48140,189,0
48150,432,0
48160,689,0
48170,868,0
48180,1399,0
48190,2236,0
48200,2949,0
48210,3164,0
48220,2129,0
48230,2823,0
48240,1565,0
48250,1636,0
48260,1117,0
48270,619,0
48280,450,0
48290,0,0
48300,0,0
48310,0,0
48320,0,0
48330,0,333
48340,0,547
48350,0,871
48360,0,1495
48370,0,2247
48380,0,1958
48390,0,2830
48400,0,2149
48410,0,1942
48420,0,2664
48430,0,1414
48440,0,972
48450,0,804
48460,0,467
48470,0,0
48480,0,0
48490,0,0
48500,0,0
48510,0,0
48520,0,0
48530,0,0
48540,265,0
48550,463,0
48560,968,0
48570,1518,0
48580,1734,0
48590,2729,0
48600,3279,0
48610,3023,0
48620,2768,0
48630,2498,0
48640,2478,0
48650,1554,0
48660,841,0
48670,835,0
48680,468,0
48690,0,0
48700,0,0
48710,0,0
48720,0,0
48730,0,0
48740,0,225
48750,0,470
48760,0,597
48770,0,1070
48780,0,1316
48790,0,2093
48800,0,2029
48810,0,3045
48820,0,2316
48830,0,1921
48840,0,2000
48850,0,1209
48860,0,802
48870,0,523
48880,0,0
48890,0,0
48900,0,0
48910,0,0
48920,0,0
48930,0,0
48940,446,0
48950,760,0
48960,1209,0
48970,1702,0
48980,1458,0
48990,2212,0
49000,3269,0
49010,2893,0
49020,3383,0
49030,2155,0
49040,1517,0
49050,1367,0
49060,839,0
49070,726,0
49080,338,0
49090,0,0
49100,0,0
49110,0,0
49120,0,0
49130,0,0
49140,0,0
49150,0,0
49160,0,315
49170,0,604
49180,0,963
49190,0,927
49200,0,1585
49210,0,2575
49220,0,3017
49230,0,2321
49240,0,2233
49250,0,1889
49260,0,2795
49270,0,1488
49280,0,1672
49290,0,680
49300,0,503
49310,0,0
49320,0,0
49330,0,0
49340,0,0
49350,0,0
49360,0,0
49370,0,0
49380,0,0
49390,343,0
49400,534,0
49410,970,0
49420,1428,0
49430,2212,0
49440,2025,0
49450,2175,0
49460,2747,0
49470,2220,0
49480,2285,0
49490,1689,0
49500,1205,0
49510,1125,0
49520,796,0
49530,431,0
49540,0,0
49550,0,0
49560,0,0
49570,0,0
49580,0,299
49590,0,390
49600,0,790
49610,0,1657
49620,0,2125
49630,0,2772
49640,0,2081
49650,0,3012
49660,0,2745
49670,0,2421
49680,0,1673
49690,0,899
49700,0,811
49710,0,484
49720,0,0
49730,0,0
49740,0,0
49750,0,0
49760,0,0
49770,188,0
49780,420,0
49790,611,0
49800,1043,0
49810,1309,0
49820,2454,0
49830,3104,0
49840,3460,0
49850,2192,0
49860,2172,0
49870,2192,0
49880,1077,0
49890,762,0
49900,457,0
49910,0,0
49920,0,0
49930,0,0
49940,0,0
49950,0,0
49960,0,0
49970,0,0
49980,0,0
49990,0,234
50000,0,356
50010,0,840
50020,0,1188
50030,0,1688
50040,0,1798
50050,0,2173
50060,0,2057
50070,0,3083
50080,0,3099
50090,0,2494
50100,0,1631
50110,0,984
50120,0,684
50130,0,381
50140,0,0
50150,0,0
50160,0,0
50170,0,0
50180,297,0
50190,675,0
50200,872,0
50210,1281,0
50220,1495,0
50230,2740,0
50240,2695,0
50250,2233,0
50260,2780,0
50270,2587,0
50280,1217,0
50290,932,0
50300,596,0
50310,413,0
50320,0,0
50330,0,0
50340,0,0
50350,0,0
50360,0,0
50370,0,0
50380,0,0
50390,0,179
50400,0,425
50410,0,527
50420,0,1105
50430,0,1362
50440,0,1825
50450,0,2250
50460,0,2072
50470,0,3129
50480,0,2857
50490,0,1776
50500,0,2039
50510,0,1392
50520,0,1087
50530,0,888
50540,0,461
50550,0,0
50560,0,0
50570,0,0
50580,0,0
50590,0,0
50600,0,0
50610,291,0
50620,399,0
50630,783,0
50640,1117,0
50650,1836,0
50660,2235,0
50670,2132,0
50680,3430,0
50690,3107,0
50700,2335,0
50710,1859,0
50720,1290,0
50730,1334,0
50740,650,0
50750,490,0
50760,0,0
50770,0,0
50780,0,0
50790,0,0
50800,0,0
50810,0,0
50820,0,0
50830,0,341
50840,0,491
50850,0,925
50860,0,1390
50870,0,1116
50880,0,1894
50890,0,1689
50900,0,3169
50910,0,2762
50920,0,3434
50930,0,2396
50940,0,1751
50950,0,1560
50960,0,1519
50970,0,878
50980,0,678
50990,0,449
51000,0,0
51010,0,0
51020,0,0
51030,0,0
51040,0,0
51050,0,0
51060,0,0
51070,221,0
51080,444,0
51090,1128,0
51100,1280,0
51110,1505,0
51120,1794,0
51130,2405,0
51140,3054,0
51150,2632,0
51160,2672,0
51170,1635,0
51180,1199,0
51190,553,0
51200,459,0
51210,0,0
51220,0,0
51230,0,0
51240,0,0
51250,0,0
51260,0,0
51270,0,0
51280,0,0
51290,0,0
51300,0,0
51310,0,0
51320,0,0
51330,0,0
51340,0,0
51350,0,0
51360,0,0
51370,0,0
51380,0,0
51390,0,0
51400,0,0
51410,0,0
51420,0,0
51430,0,0
51440,0,0
51450,0,0
51460,0,0
51470,0,0
51480,0,0
51490,0,0
51500,0,0
51510,0,0
51520,0,0
51530,0,0
51540,0,0
51550,0,0
51560,0,0
51570,0,297
51580,0,663
51590,0,752
51600,0,1549
51610,0,1746
51620,0,1663
51630,0,2887
51640,0,3096
51650,0,2124
51660,0,2756
51670,0,2862
51680,0,1619
51690,0,1390
51700,0,1067
51710,0,716
51720,0,481
51730,0,0
51740,0,0
51750,0,0
51760,0,0
51770,0,0
51780,230,0
51790,522,0
51800,687,0
51810,1061,0
51820,1671,0
51830,1908,0
51840,2218,0
51850,2118,0
51860,2398,0
51870,2092,0
51880,2491,0
51890,1348,0
51900,1003,0
51910,627,0
51920,397,0
51930,0,0
51940,0,0
51950,0,0
51960,0,0
51970,0,281
51980,0,494
51990,0,712
52000,0,1143
52010,0,1261
52020,0,2243
52030,0,2374
52040,0,2345
52050,0,2924
52060,0,2525
52070,0,2523
52080,0,1801
52090,0,1223
52100,0,849
52110,0,598
52120,0,540
52130,0,0
52140,0,0
52150,0,0
52160,0,0
52170,302,0
52180,660,0
52190,1022,0
52200,1400,0
52210,1221,0
52220,1812,0
52230,2345,0
52240,2233,0
52250,2185,0
52260,3328,0
52270,2172,0
52280,1985,0
52290,1604,0
52300,1276,0
52310,601,0
52320,619,0
52330,0,0
52340,0,0
52350,0,0
52360,0,0
52370,0,0
52380,0,0
52390,0,0
52400,0,0
52410,0,353
52420,0,599
52430,0,891
52440,0,1137
52450,0,2073
52460,0,2601
52470,0,3086
52480,0,3103
52490,0,2294
52500,0,1683
52510,0,1732
52520,0,907
52530,0,599
52540,0,342
52550,0,0
52560,0,0
52570,0,0
52580,0,0
52590,0,0
52600,0,0
52610,206,0
52620,374,0
52630,691,0
52640,948,0
52650,1389,0
52660,2087,0
52670,2433,0
52680,3315,0
52690,3287,0
52700,3161,0
52710,1830,0
52720,2210,0
52730,1691,0
52740,947,0
52750,530,0
52760,307,0
52770,0,0
52780,0,0
52790,0,0
52800,0,0
52810,0,202
52820,0,405
52830,0,919
52840,0,1218
52850,0,1323
52860,0,1649
52870,0,2401
52880,0,2212
52890,0,2076
52900,0,2735
52910,0,1683
52920,0,1492
52930,0,1482
52940,0,912
52950,0,687
52960,0,0
52970,0,0
52980,0,0
52990,0,0
53000,0,0
53010,0,0
53020,0,0
53030,0,0
53040,265,0
53050,509,0
53060,572,0
53070,1173,0
53080,2002,0
53090,2180,0
53100,2119,0
53110,2684,0
53120,2423,0
53130,2199,0
53140,2026,0
53150,1605,0
53160,1321,0
53170,700,0
53180,388,0
53190,0,0
53200,0,0
53210,0,0
53220,0,0
53230,0,0
53240,0,369
53250,0,648
53260,0,1042
53270,0,1184
53280,0,2147
53290,0,2111
53300,0,2831
53310,0,2835
53320,0,3055
53330,0,2625
53340,0,1552
53350,0,1217
53360,0,1010
53370,0,708
53380,0,345
53390,0,0
53400,0,0
53410,0,0
53420,0,0
53430,0,0
53440,0,0
53450,0,0
53460,305,0
53470,453,0
53480,1013,0
53490,1405,0
53500,1577,0
53510,2618,0
53520,2886,0
53530,2028,0
53540,2734,0
53550,3091,0
53560,2044,0
53570,1717,0
53580,1272,0
53590,797,0
53600,433,0
53610,0,0
53620,0,0
53630,0,0
53640,0,0
53650,0,0
53660,0,0
53670,0,247
53680,0,433
53690,0,641
53700,0,1048
53710,0,1372
53720,0,1679
53730,0,1771
53740,0,2566
53750,0,3220
53760,0,2330
53770,0,1720
53780,0,1739
53790,0,1066
53800,0,1025
53810,0,675
53820,0,0
53830,0,0
53840,0,0
53850,0,0
53860,0,0
53870,0,0
53880,0,0
53890,291,0
53900,603,0
53910,760,0
53920,1069,0
53930,1395,0
53940,2007,0
53950,3115,0
53960,2483,0
53970,2493,0
53980,2738,0
53990,1556,0
54000,1377,0
54010,1256,0
54020,713,0
54030,413,0
54040,0,0
54050,0,0
54060,0,0
54070,0,0
54080,0,0
54090,0,0
54100,0,0
54110,0,200
54120,0,383
54130,0,697
54140,0,1413
54150,0,1658
54160,0,2763
54170,0,2577
54180,0,3209
54190,0,1977
54200,0,2884
54210,0,2277
54220,0,1294
54230,0,979
54240,0,576
54250,0,0
54260,0,0
54270,0,0
54280,0,0
54290,0,0
54300,207,0
54310,501,0
54320,617,0
54330,1177,0
54340,1705,0
54350,1877,0
54360,2030,0
54370,2893,0
54380,2077,0
54390,2103,0
54400,1820,0
54410,1766,0
54420,1772,0
54430,957,0
54440,528,0
54450,489,0
54460,0,0
54470,0,0
54480,0,0
54490,0,0
54500,0,0
54510,0,0
54520,0,256
54530,0,323
54540,0,741
54550,0,1403
54560,0,1474
54570,0,1790
54580,0,2507
54590,0,3457
54600,0,2301
54610,0,2307
54620,0,1490
54630,0,1061
54640,0,804
54650,0,685
54660,0,0
54670,0,0
54680,0,0
54690,0,0
54700,0,0
54710,0,0
54720,0,0
54730,0,0
54740,320,0
54750,360,0
54760,555,0
54770,1138,0
54780,1411,0
54790,1435,0
54800,2251,0
54810,3196,0
54820,3328,0
54830,2787,0
54840,2971,0
54850,1796,0
54860,1797,0
54870,1345,0
54880,984,0
54890,568,0
54900,365,0
54910,0,0
54920,0,0
54930,0,0
54940,0,0
54950,0,0
54960,0,0
54970,0,423
54980,0,594
54990,0,1068
55000,0,1410
55010,0,2116
55020,0,2108
55030,0,2174
55040,0,3421
55050,0,3113
55060,0,3121
55070,0,2542
55080,0,1690
55090,0,1117
55100,0,1041
55110,0,626
55120,0,0
55130,0,0
55140,0,0
55150,0,0
55160,0,0
55170,0,0
55180,0,0
55190,0,0
55200,278,0
55210,617,0
55220,986,0
55230,1930,0
55240,1989,0
55250,2086,0
55260,2357,0
55270,3370,0
55280,1673,0
55290,2223,0
55300,1422,0
55310,778,0
55320,487,0
55330,0,0
55340,0,0
55350,0,0
55360,0,0
55370,0,0
55380,0,0
55390,0,263
55400,0,522
55410,0,1131
55420,0,1353
55430,0,2228
55440,0,2072
55450,0,3172
55460,0,3158
55470,0,2121
55480,0,2549
55490,0,1567
55500,0,1367
55510,0,755
55520,0,548
55530,0,0
55540,0,0
55550,0,0
55560,0,0
55570,0,0
55580,0,0
55590,328,0
55600,542,0
55610,749,0
55620,1534,0
55630,1367,0
55640,2712,0
55650,3085,0
55660,3271,0
55670,3466,0
55680,2485,0
55690,2333,0
55700,1302,0
55710,1221,0
55720,808,0
55730,538,0
55740,0,0
55750,0,0
55760,0,0
55770,0,0
55780,0,0
55790,0,0
55800,0,0
55810,0,0
55820,0,337
55830,0,352
55840,0,701
55850,0,957
55860,0,1160
55870,0,2346
55880,0,1638
55890,0,1952
55900,0,2767
55910,0,2873
55920,0,3256
55930,0,2340
55940,0,1580
55950,0,1487
55960,0,1141
55970,0,716
55980,0,448
55990,0,0
56000,0,0
56010,0,0
56020,0,0
56030,0,0
56040,0,0
56050,338,0
56060,510,0
56070,643,0
56080,1277,0
56090,1865,0
56100,2487,0
56110,3011,0
56120,2397,0
56130,2331,0
56140,2787,0
56150,1820,0
56160,1446,0
56170,1399,0
56180,784,0
56190,678,0
56200,401,0
56210,0,0
56220,0,0
56230,0,0
56240,0,0
56250,0,0
56260,0,0
56270,0,0
56280,0,283
56290,0,459
56300,0,894
56310,0,1120
56320,0,1769
56330,0,1853
56340,0,3222
56350,0,2133
56360,0,3091
56370,0,2017
56380,0,2142
56390,0,2055
56400,0,1554
56410,0,989
56420,0,735
56430,0,0
56440,0,0
56450,0,0
56460,0,0
56470,0,0
56480,0,0
56490,250,0
56500,581,0
56510,1041,0
56520,1052,0
56530,1966,0
56540,2202,0
56550,2074,0
56560,2062,0
56570,2203,0
56580,2547,0
56590,2046,0
56600,1675,0
56610,1540,0
56620,1343,0
56630,828,0
56640,577,0
56650,0,0
56660,0,0
56670,0,0
56680,0,0
56690,0,0
56700,0,0
56710,0,0
56720,0,366
56730,0,597
56740,0,816
56750,0,1631
56760,0,1730
56770,0,2199
56780,0,2392
56790,0,2194
56800,0,1984
56810,0,2275
56820,0,2011
56830,0,1410
56840,0,877
56850,0,397
56860,0,0
56870,0,0
56880,0,0
56890,0,0
56900,163,0
56910,392,0
56920,488,0
56930,1092,0
56940,1187,0
56950,1872,0
56960,2928,0
56970,3192,0
56980,3223,0
56990,2807,0
57000,1964,0
57010,1429,0
57020,978,0
57030,778,0
57040,467,0
57050,0,0
57060,0,0
57070,0,0
57080,0,0
57090,0,0
57100,0,0
57110,0,0
57120,0,278
57130,0,369
57140,0,489
57150,0,1000
57160,0,1055
57170,0,1635
57180,0,2163
57190,0,2647
57200,0,2925
57210,0,3351
57220,0,2447
57230,0,1904
57240,0,2454
57250,0,1841
57260,0,1238
57270,0,743
57280,0,570
57290,0,0
57300,0,0
57310,0,0
57320,0,0
57330,0,0
57340,0,0
57350,0,0
57360,0,0
57370,232,0
57380,417,0
57390,601,0
57400,1130,0
57410,1151,0
57420,1831,0
57430,2526,0
57440,2867,0
57450,2536,0
57460,2335,0
57470,2117,0
57480,2116,0
57490,1063,0
57500,794,0
57510,747,0
57520,0,0
57530,0,0
57540,0,0
57550,0,0
57560,0,0
57570,0,356
57580,0,417
57590,0,678
57600,0,1581
57610,0,1749
57620,0,2537
57630,0,2686
57640,0,3203
57650,0,2388
57660,0,2695
57670,0,1486
57680,0,1456
57690,0,1093
57700,0,636
57710,0,0
57720,0,0
57730,0,0
57740,0,0
57750,0,0
57760,0,0
57770,252,0
57780,518,0
57790,772,0
57800,1286,0
57810,1438,0
57820,2251,0
57830,2362,0
57840,2137,0
57850,2776,0
57860,3131,0
57870,1567,0
57880,1754,0
57890,1285,0
57900,794,0
57910,482,0
57920,0,0
57930,0,0
57940,0,0
57950,0,0
57960,0,0
57970,0,354
57980,0,631
57990,0,742
58000,0,1101