timestamp_ms,timestamp_iso,sensor_id,value
1773368121900,2026-03-13T02:15:21.900Z,L01,0
1773368121900,2026-03-13T02:15:21.900Z,L02,0
1773368121900,2026-03-13T02:15:21.900Z,L03,0
1773368121900,2026-03-13T02:15:21.900Z,L04,0
1773368121900,2026-03-13T02:15:21.900Z,L05,0
1773368121900,2026-03-13T02:15:21.900Z,L06,0
1773368121900,2026-03-13T02:15:21.900Z,L07,0
1773368121900,2026-03-13T02:15:21.900Z,L08,0
1773368121900,2026-03-13T02:15:21.900Z,L09,0
1773368121900,2026-03-13T02:15:21.900Z,L10,0
1773368121900,2026-03-13T02:15:21.900Z,L11,0
1773368121900,2026-03-13T02:15:21.900Z,L12,0
1773368121900,2026-03-13T02:15:21.900Z,L13,440
1773368121900,2026-03-13T02:15:21.900Z,L14,0
1773368121900,2026-03-13T02:15:21.900Z,L15,0
1773368121900,2026-03-13T02:15:21.900Z,L16,0
1773368121900,2026-03-13T02:15:21.900Z,R01,0
1773368121900,2026-03-13T02:15:21.900Z,R02,320
1773368121900,2026-03-13T02:15:21.900Z,R03,193
1773368121900,2026-03-13T02:15:21.900Z,R04,0
1773368121900,2026-03-13T02:15:21.900Z,R05,0
1773368121900,2026-03-13T02:15:21.900Z,R06,0
1773368121900,2026-03-13T02:15:21.900Z,R07,54
1773368121900,2026-03-13T02:15:21.900Z,R08,50
1773368121900,2026-03-13T02:15:21.900Z,R09,0
1773368121900,2026-03-13T02:15:21.900Z,R10,0
1773368121900,2026-03-13T02:15:21.900Z,R11,91
1773368121900,2026-03-13T02:15:21.900Z,R12,326
1773368121900,2026-03-13T02:15:21.900Z,R13,494
1773368121900,2026-03-13T02:15:21.900Z,R14,0
1773368121900,2026-03-13T02:15:21.900Z,R15,0
1773368121900,2026-03-13T02:15:21.900Z,R16,0
1773368122023,2026-03-13T02:15:22.023Z,L01,0
1773368122023,2026-03-13T02:15:22.023Z,L02,0
1773368122023,2026-03-13T02:15:22.023Z,L03,0
1773368122023,2026-03-13T02:15:22.023Z,L04,0
1773368122023,2026-03-13T02:15:22.023Z,L05,0
1773368122023,2026-03-13T02:15:22.023Z,L06,0
1773368122023,2026-03-13T02:15:22.023Z,L07,0
1773368122023,2026-03-13T02:15:22.023Z,L08,0
1773368122023,2026-03-13T02:15:22.023Z,L09,0
1773368122023,2026-03-13T02:15:22.023Z,L10,0
1773368122023,2026-03-13T02:15:22.023Z,L11,0
1773368122023,2026-03-13T02:15:22.023Z,L12,0
1773368122023,2026-03-13T02:15:22.023Z,L13,255
1773368122023,2026-03-13T02:15:22.023Z,L14,0
1773368122023,2026-03-13T02:15:22.023Z,L15,0
1773368122023,2026-03-13T02:15:22.023Z,L16,0
1773368122023,2026-03-13T02:15:22.023Z,R01,0
1773368122023,2026-03-13T02:15:22.023Z,R02,0
1773368122023,2026-03-13T02:15:22.023Z,R03,0
1773368122023,2026-03-13T02:15:22.023Z,R04,0
1773368122023,2026-03-13T02:15:22.023Z,R05,0
1773368122023,2026-03-13T02:15:22.023Z,R06,0
1773368122023,2026-03-13T02:15:22.023Z,R07,111
1773368122023,2026-03-13T02:15:22.023Z,R08,0
1773368122023,2026-03-13T02:15:22.023Z,R09,0
1773368122023,2026-03-13T02:15:22.023Z,R10,0
1773368122023,2026-03-13T02:15:22.023Z,R11,0
1773368122023,2026-03-13T02:15:22.023Z,R12,0
1773368122023,2026-03-13T02:15:22.023Z,R13,203
1773368122023,2026-03-13T02:15:22.023Z,R14,0
1773368122023,2026-03-13T02:15:22.023Z,R15,0
1773368122023,2026-03-13T02:15:22.023Z,R16,0
1773368122140,2026-03-13T02:15:22.140Z,L01,0
1773368122140,2026-03-13T02:15:22.140Z,L02,394
1773368122140,2026-03-13T02:15:22.140Z,L03,76
1773368122140,2026-03-13T02:15:22.140Z,L04,0
1773368122140,2026-03-13T02:15:22.140Z,L05,0
1773368122140,2026-03-13T02:15:22.140Z,L06,0
1773368122140,2026-03-13T02:15:22.140Z,L07,399
1773368122140,2026-03-13T02:15:22.140Z,L08,0
1773368122140,2026-03-13T02:15:22.140Z,L09,0
1773368122140,2026-03-13T02:15:22.140Z,L10,0
1773368122140,2026-03-13T02:15:22.140Z,L11,0
1773368122140,2026-03-13T02:15:22.140Z,L12,0
1773368122140,2026-03-13T02:15:22.140Z,L13,111
1773368122140,2026-03-13T02:15:22.140Z,L14,0
1773368122140,2026-03-13T02:15:22.140Z,L15,0
1773368122140,2026-03-13T02:15:22.140Z,L16,0
1773368122140,2026-03-13T02:15:22.140Z,R01,0
1773368122140,2026-03-13T02:15:22.140Z,R02,0
1773368122140,2026-03-13T02:15:22.140Z,R03,0
1773368122140,2026-03-13T02:15:22.140Z,R04,0
1773368122140,2026-03-13T02:15:22.140Z,R05,0
1773368122140,2026-03-13T02:15:22.140Z,R06,0
1773368122140,2026-03-13T02:15:22.140Z,R07,0
1773368122140,2026-03-13T02:15:22.140Z,R08,0
1773368122140,2026-03-13T02:15:22.140Z,R09,0
1773368122140,2026-03-13T02:15:22.140Z,R10,0
1773368122140,2026-03-13T02:15:22.140Z,R11,0
1773368122140,2026-03-13T02:15:22.140Z,R12,0
1773368122140,2026-03-13T02:15:22.140Z,R13,0
1773368122140,2026-03-13T02:15:22.140Z,R14,0
1773368122140,2026-03-13T02:15:22.140Z,R15,0
1773368122140,2026-03-13T02:15:22.140Z,R16,0
1773368122408,2026-03-13T02:15:22.408Z,L01,0
1773368122408,2026-03-13T02:15:22.408Z,L02,445
1773368122408,2026-03-13T02:15:22.408Z,L03,0
1773368122408,2026-03-13T02:15:22.408Z,L04,0
1773368122408,2026-03-13T02:15:22.408Z,L05,0
1773368122408,2026-03-13T02:15:22.408Z,L06,0
1773368122408,2026-03-13T02:15:22.408Z,L07,394
1773368122408,2026-03-13T02:15:22.408Z,L08,0
1773368122408,2026-03-13T02:15:22.408Z,L09,0
1773368122408,2026-03-13T02:15:22.408Z,L10,0
1773368122408,2026-03-13T02:15:22.408Z,L11,0
1773368122408,2026-03-13T02:15:22.408Z,L12,0
1773368122408,2026-03-13T02:15:22.408Z,L13,0
1773368122408,2026-03-13T02:15:22.408Z,L14,0
1773368122408,2026-03-13T02:15:22.408Z,L15,0
1773368122408,2026-03-13T02:15:22.408Z,L16,0
1773368122408,2026-03-13T02:15:22.408Z,R01,0
1773368122408,2026-03-13T02:15:22.408Z,R02,0
1773368122408,2026-03-13T02:15:22.408Z,R03,0
1773368122408,2026-03-13T02:15:22.408Z,R04,0
1773368122408,2026-03-13T02:15:22.408Z,R05,0
1773368122408,2026-03-13T02:15:22.408Z,R06,0
1773368122408,2026-03-13T02:15:22.408Z,R07,0
1773368122408,2026-03-13T02:15:22.408Z,R08,0
1773368122408,2026-03-13T02:15:22.408Z,R09,0
1773368122408,2026-03-13T02:15:22.408Z,R10,0
1773368122408,2026-03-13T02:15:22.408Z,R11,0
1773368122408,2026-03-13T02:15:22.408Z,R12,0
1773368122408,2026-03-13T02:15:22.408Z,R13,0
1773368122408,2026-03-13T02:15:22.408Z,R14,0
1773368122408,2026-03-13T02:15:22.408Z,R15,0
1773368122408,2026-03-13T02:15:22.408Z,R16,0
1773368122529,2026-03-13T02:15:22.529Z,L01,0
1773368122529,2026-03-13T02:15:22.529Z,L02,332
1773368122529,2026-03-13T02:15:22.529Z,L03,285
1773368122529,2026-03-13T02:15:22.529Z,L04,0
1773368122529,2026-03-13T02:15:22.529Z,L05,0
1773368122529,2026-03-13T02:15:22.529Z,L06,0
1773368122529,2026-03-13T02:15:22.529Z,L07,0
1773368122529,2026-03-13T02:15:22.529Z,L08,0
1773368122529,2026-03-13T02:15:22.529Z,L09,0
1773368122529,2026-03-13T02:15:22.529Z,L10,0
1773368122529,2026-03-13T02:15:22.529Z,L11,0
1773368122529,2026-03-13T02:15:22.529Z,L12,0
1773368122529,2026-03-13T02:15:22.529Z,L13,0
1773368122529,2026-03-13T02:15:22.529Z,L14,0
1773368122529,2026-03-13T02:15:22.529Z,L15,0
1773368122529,2026-03-13T02:15:22.529Z,L16,0
1773368122529,2026-03-13T02:15:22.529Z,R01,0
1773368122529,2026-03-13T02:15:22.529Z,R02,0
1773368122529,2026-03-13T02:15:22.529Z,R03,0
1773368122529,2026-03-13T02:15:22.529Z,R04,0
1773368122529,2026-03-13T02:15:22.529Z,R05,0
1773368122529,2026-03-13T02:15:22.529Z,R06,0
1773368122529,2026-03-13T02:15:22.529Z,R07,0
1773368122529,2026-03-13T02:15:22.529Z,R08,0
1773368122529,2026-03-13T02:15:22.529Z,R09,0
1773368122529,2026-03-13T02:15:22.529Z,R10,0
1773368122529,2026-03-13T02:15:22.529Z,R11,0
1773368122529,2026-03-13T02:15:22.529Z,R12,0
1773368122529,2026-03-13T02:15:22.529Z,R13,0
1773368122529,2026-03-13T02:15:22.529Z,R14,0
1773368122529,2026-03-13T02:15:22.529Z,R15,0
1773368122529,2026-03-13T02:15:22.529Z,R16,0
1773368122804,2026-03-13T02:15:22.804Z,L01,0
1773368122804,2026-03-13T02:15:22.804Z,L02,367
1773368122804,2026-03-13T02:15:22.804Z,L03,208
1773368122804,2026-03-13T02:15:22.804Z,L04,25
1773368122804,2026-03-13T02:15:22.804Z,L05,0
1773368122804,2026-03-13T02:15:22.804Z,L06,0
1773368122804,2026-03-13T02:15:22.804Z,L07,255
1773368122804,2026-03-13T02:15:22.804Z,L08,225
1773368122804,2026-03-13T02:15:22.804Z,L09,0
1773368122804,2026-03-13T02:15:22.804Z,L10,0
1773368122804,2026-03-13T02:15:22.804Z,L11,0
1773368122804,2026-03-13T02:15:22.804Z,L12,0
1773368122804,2026-03-13T02:15:22.804Z,L13,0
1773368122804,2026-03-13T02:15:22.804Z,L14,0
1773368122804,2026-03-13T02:15:22.804Z,L15,0
1773368122804,2026-03-13T02:15:22.804Z,L16,0
1773368122804,2026-03-13T02:15:22.804Z,R01,0
1773368122804,2026-03-13T02:15:22.804Z,R02,0
1773368122804,2026-03-13T02:15:22.804Z,R03,0
1773368122804,2026-03-13T02:15:22.804Z,R04,0
1773368122804,2026-03-13T02:15:22.804Z,R05,0
1773368122804,2026-03-13T02:15:22.804Z,R06,0
1773368122804,2026-03-13T02:15:22.804Z,R07,54
1773368122804,2026-03-13T02:15:22.804Z,R08,225
1773368122804,2026-03-13T02:15:22.804Z,R09,0
1773368122804,2026-03-13T02:15:22.804Z,R10,0
1773368122804,2026-03-13T02:15:22.804Z,R11,76
1773368122804,2026-03-13T02:15:22.804Z,R12,505
1773368122804,2026-03-13T02:15:22.804Z,R13,391
1773368122804,2026-03-13T02:15:22.804Z,R14,0
1773368122804,2026-03-13T02:15:22.804Z,R15,0
1773368122804,2026-03-13T02:15:22.804Z,R16,0
1773368123042,2026-03-13T02:15:23.042Z,L01,0
1773368123042,2026-03-13T02:15:23.042Z,L02,0
1773368123042,2026-03-13T02:15:23.042Z,L03,0
1773368123042,2026-03-13T02:15:23.042Z,L04,0
1773368123042,2026-03-13T02:15:23.042Z,L05,0
1773368123042,2026-03-13T02:15:23.042Z,L06,0
1773368123042,2026-03-13T02:15:23.042Z,L07,0
1773368123042,2026-03-13T02:15:23.042Z,L08,0
1773368123042,2026-03-13T02:15:23.042Z,L09,0
1773368123042,2026-03-13T02:15:23.042Z,L10,0
1773368123042,2026-03-13T02:15:23.042Z,L11,348
1773368123042,2026-03-13T02:15:23.042Z,L12,0
1773368123042,2026-03-13T02:15:23.042Z,L13,162
1773368123042,2026-03-13T02:15:23.042Z,L14,0
1773368123042,2026-03-13T02:15:23.042Z,L15,0
1773368123042,2026-03-13T02:15:23.042Z,L16,0
1773368123042,2026-03-13T02:15:23.042Z,R01,0
1773368123042,2026-03-13T02:15:23.042Z,R02,0
1773368123042,2026-03-13T02:15:23.042Z,R03,0
1773368123042,2026-03-13T02:15:23.042Z,R04,0
1773368123042,2026-03-13T02:15:23.042Z,R05,0
1773368123042,2026-03-13T02:15:23.042Z,R06,0
1773368123042,2026-03-13T02:15:23.042Z,R07,54
1773368123042,2026-03-13T02:15:23.042Z,R08,229
1773368123042,2026-03-13T02:15:23.042Z,R09,0
1773368123042,2026-03-13T02:15:23.042Z,R10,0
1773368123042,2026-03-13T02:15:23.042Z,R11,218
1773368123042,2026-03-13T02:15:23.042Z,R12,458
1773368123042,2026-03-13T02:15:23.042Z,R13,432
1773368123042,2026-03-13T02:15:23.042Z,R14,0
1773368123042,2026-03-13T02:15:23.042Z,R15,0
1773368123042,2026-03-13T02:15:23.042Z,R16,0
1773368123157,2026-03-13T02:15:23.157Z,L01,0
1773368123157,2026-03-13T02:15:23.157Z,L02,0
1773368123157,2026-03-13T02:15:23.157Z,L03,0
1773368123157,2026-03-13T02:15:23.157Z,L04,0
1773368123157,2026-03-13T02:15:23.157Z,L05,0
1773368123157,2026-03-13T02:15:23.157Z,L06,0
1773368123157,2026-03-13T02:15:23.157Z,L07,0
1773368123157,2026-03-13T02:15:23.157Z,L08,0
1773368123157,2026-03-13T02:15:23.157Z,L09,0
1773368123157,2026-03-13T02:15:23.157Z,L10,0
1773368123157,2026-03-13T02:15:23.157Z,L11,348
1773368123157,2026-03-13T02:15:23.157Z,L12,0
1773368123157,2026-03-13T02:15:23.157Z,L13,321
1773368123157,2026-03-13T02:15:23.157Z,L14,0
1773368123157,2026-03-13T02:15:23.157Z,L15,0
1773368123157,2026-03-13T02:15:23.157Z,L16,0
1773368123157,2026-03-13T02:15:23.157Z,R01,0
1773368123157,2026-03-13T02:15:23.157Z,R02,0
1773368123157,2026-03-13T02:15:23.157Z,R03,0
1773368123157,2026-03-13T02:15:23.157Z,R04,0
1773368123157,2026-03-13T02:15:23.157Z,R05,0
1773368123157,2026-03-13T02:15:23.157Z,R06,0
1773368123157,2026-03-13T02:15:23.157Z,R07,438
1773368123157,2026-03-13T02:15:23.157Z,R08,131
1773368123157,2026-03-13T02:15:23.157Z,R09,0
1773368123157,2026-03-13T02:15:23.157Z,R10,0
1773368123157,2026-03-13T02:15:23.157Z,R11,300
1773368123157,2026-03-13T02:15:23.157Z,R12,259
1773368123157,2026-03-13T02:15:23.157Z,R13,161
1773368123157,2026-03-13T02:15:23.157Z,R14,0
1773368123157,2026-03-13T02:15:23.157Z,R15,0
1773368123157,2026-03-13T02:15:23.157Z,R16,0
1773368123278,2026-03-13T02:15:23.278Z,L01,0
1773368123278,2026-03-13T02:15:23.278Z,L02,0
1773368123278,2026-03-13T02:15:23.278Z,L03,0
1773368123278,2026-03-13T02:15:23.278Z,L04,0
1773368123278,2026-03-13T02:15:23.278Z,L05,0
1773368123278,2026-03-13T02:15:23.278Z,L06,0
1773368123278,2026-03-13T02:15:23.278Z,L07,0
1773368123278,2026-03-13T02:15:23.278Z,L08,0
1773368123278,2026-03-13T02:15:23.278Z,L09,0
1773368123278,2026-03-13T02:15:23.278Z,L10,0
1773368123278,2026-03-13T02:15:23.278Z,L11,0
1773368123278,2026-03-13T02:15:23.278Z,L12,0
1773368123278,2026-03-13T02:15:23.278Z,L13,485
1773368123278,2026-03-13T02:15:23.278Z,L14,0
1773368123278,2026-03-13T02:15:23.278Z,L15,0
1773368123278,2026-03-13T02:15:23.278Z,L16,0
1773368123278,2026-03-13T02:15:23.278Z,R01,0
1773368123278,2026-03-13T02:15:23.278Z,R02,0
1773368123278,2026-03-13T02:15:23.278Z,R03,0
1773368123278,2026-03-13T02:15:23.278Z,R04,0
1773368123278,2026-03-13T02:15:23.278Z,R05,0
1773368123278,2026-03-13T02:15:23.278Z,R06,0
1773368123278,2026-03-13T02:15:23.278Z,R07,7
1773368123278,2026-03-13T02:15:23.278Z,R08,356
1773368123278,2026-03-13T02:15:23.278Z,R09,0
1773368123278,2026-03-13T02:15:23.278Z,R10,0
1773368123278,2026-03-13T02:15:23.278Z,R11,432
1773368123278,2026-03-13T02:15:23.278Z,R12,166
1773368123278,2026-03-13T02:15:23.278Z,R13,319
1773368123278,2026-03-13T02:15:23.278Z,R14,0
1773368123278,2026-03-13T02:15:23.278Z,R15,0
1773368123278,2026-03-13T02:15:23.278Z,R16,0
1773368123429,2026-03-13T02:15:23.429Z,L01,0
1773368123429,2026-03-13T02:15:23.429Z,L02,0
1773368123429,2026-03-13T02:15:23.429Z,L03,0
1773368123429,2026-03-13T02:15:23.429Z,L04,0
1773368123429,2026-03-13T02:15:23.429Z,L05,0
1773368123429,2026-03-13T02:15:23.429Z,L06,0
1773368123429,2026-03-13T02:15:23.429Z,L07,0
1773368123429,2026-03-13T02:15:23.429Z,L08,0
1773368123429,2026-03-13T02:15:23.429Z,L09,0
1773368123429,2026-03-13T02:15:23.429Z,L10,0
1773368123429,2026-03-13T02:15:23.429Z,L11,0
1773368123429,2026-03-13T02:15:23.429Z,L12,0
1773368123429,2026-03-13T02:15:23.429Z,L13,321
1773368123429,2026-03-13T02:15:23.429Z,L14,0
1773368123429,2026-03-13T02:15:23.429Z,L15,0
1773368123429,2026-03-13T02:15:23.429Z,L16,0
1773368123429,2026-03-13T02:15:23.429Z,R01,0
1773368123429,2026-03-13T02:15:23.429Z,R02,0
1773368123429,2026-03-13T02:15:23.429Z,R03,0
1773368123429,2026-03-13T02:15:23.429Z,R04,0
1773368123429,2026-03-13T02:15:23.429Z,R05,0
1773368123429,2026-03-13T02:15:23.429Z,R06,0
1773368123429,2026-03-13T02:15:23.429Z,R07,309
1773368123429,2026-03-13T02:15:23.429Z,R08,181
1773368123429,2026-03-13T02:15:23.429Z,R09,0
1773368123429,2026-03-13T02:15:23.429Z,R10,0
1773368123429,2026-03-13T02:15:23.429Z,R11,268
1773368123429,2026-03-13T02:15:23.429Z,R12,432
1773368123429,2026-03-13T02:15:23.429Z,R13,386
1773368123429,2026-03-13T02:15:23.429Z,R14,0
1773368123429,2026-03-13T02:15:23.429Z,R15,0
1773368123429,2026-03-13T02:15:23.429Z,R16,0
1773368123551,2026-03-13T02:15:23.551Z,L01,0
1773368123551,2026-03-13T02:15:23.551Z,L02,0
1773368123551,2026-03-13T02:15:23.551Z,L03,0
1773368123551,2026-03-13T02:15:23.551Z,L04,0
1773368123551,2026-03-13T02:15:23.551Z,L05,0
1773368123551,2026-03-13T02:15:23.551Z,L06,0
1773368123551,2026-03-13T02:15:23.551Z,L07,357
1773368123551,2026-03-13T02:15:23.551Z,L08,428
1773368123551,2026-03-13T02:15:23.551Z,L09,0
1773368123551,2026-03-13T02:15:23.551Z,L10,0
1773368123551,2026-03-13T02:15:23.551Z,L11,399
1773368123551,2026-03-13T02:15:23.551Z,L12,413
1773368123551,2026-03-13T02:15:23.551Z,L13,141
1773368123551,2026-03-13T02:15:23.551Z,L14,0
1773368123551,2026-03-13T02:15:23.551Z,L15,0
1773368123551,2026-03-13T02:15:23.551Z,L16,0
1773368123551,2026-03-13T02:15:23.551Z,R01,0
1773368123551,2026-03-13T02:15:23.551Z,R02,0
1773368123551,2026-03-13T02:15:23.551Z,R03,0
1773368123551,2026-03-13T02:15:23.551Z,R04,0
1773368123551,2026-03-13T02:15:23.551Z,R05,0
1773368123551,2026-03-13T02:15:23.551Z,R06,0
1773368123551,2026-03-13T02:15:23.551Z,R07,0
1773368123551,2026-03-13T02:15:23.551Z,R08,0
1773368123551,2026-03-13T02:15:23.551Z,R09,0
1773368123551,2026-03-13T02:15:23.551Z,R10,0
1773368123551,2026-03-13T02:15:23.551Z,R11,0
1773368123551,2026-03-13T02:15:23.551Z,R12,0
1773368123551,2026-03-13T02:15:23.551Z,R13,389
1773368123551,2026-03-13T02:15:23.551Z,R14,0
1773368123551,2026-03-13T02:15:23.551Z,R15,0
1773368123551,2026-03-13T02:15:23.551Z,R16,0
1773368123672,2026-03-13T02:15:23.672Z,L01,404
1773368123672,2026-03-13T02:15:23.672Z,L02,0
1773368123672,2026-03-13T02:15:23.672Z,L03,107
1773368123672,2026-03-13T02:15:23.672Z,L04,0
1773368123672,2026-03-13T02:15:23.672Z,L05,0
1773368123672,2026-03-13T02:15:23.672Z,L06,0
1773368123672,2026-03-13T02:15:23.672Z,L07,29
1773368123672,2026-03-13T02:15:23.672Z,L08,141
1773368123672,2026-03-13T02:15:23.672Z,L09,0
1773368123672,2026-03-13T02:15:23.672Z,L10,0
1773368123672,2026-03-13T02:15:23.672Z,L11,378
1773368123672,2026-03-13T02:15:23.672Z,L12,75
1773368123672,2026-03-13T02:15:23.672Z,L13,320
1773368123672,2026-03-13T02:15:23.672Z,L14,0
1773368123672,2026-03-13T02:15:23.672Z,L15,0
1773368123672,2026-03-13T02:15:23.672Z,L16,0
1773368123672,2026-03-13T02:15:23.672Z,R01,0
1773368123672,2026-03-13T02:15:23.672Z,R02,0
1773368123672,2026-03-13T02:15:23.672Z,R03,0
1773368123672,2026-03-13T02:15:23.672Z,R04,0
1773368123672,2026-03-13T02:15:23.672Z,R05,0
1773368123672,2026-03-13T02:15:23.672Z,R06,0
1773368123672,2026-03-13T02:15:23.672Z,R07,0
1773368123672,2026-03-13T02:15:23.672Z,R08,0
1773368123672,2026-03-13T02:15:23.672Z,R09,0
1773368123672,2026-03-13T02:15:23.672Z,R10,0
1773368123672,2026-03-13T02:15:23.672Z,R11,0
1773368123672,2026-03-13T02:15:23.672Z,R12,0
1773368123672,2026-03-13T02:15:23.672Z,R13,0
1773368123672,2026-03-13T02:15:23.672Z,R14,0
1773368123672,2026-03-13T02:15:23.672Z,R15,0
1773368123672,2026-03-13T02:15:23.672Z,R16,0
1773368123822,2026-03-13T02:15:23.822Z,L01,0
1773368123822,2026-03-13T02:15:23.822Z,L02,0
1773368123822,2026-03-13T02:15:23.822Z,L03,0
1773368123822,2026-03-13T02:15:23.822Z,L04,0
1773368123822,2026-03-13T02:15:23.822Z,L05,0
1773368123822,2026-03-13T02:15:23.822Z,L06,0
1773368123822,2026-03-13T02:15:23.822Z,L07,0
1773368123822,2026-03-13T02:15:23.822Z,L08,0
1773368123822,2026-03-13T02:15:23.822Z,L09,0
1773368123822,2026-03-13T02:15:23.822Z,L10,0
1773368123822,2026-03-13T02:15:23.822Z,L11,0
1773368123822,2026-03-13T02:15:23.822Z,L12,0
1773368123822,2026-03-13T02:15:23.822Z,L13,0
1773368123822,2026-03-13T02:15:23.822Z,L14,0
1773368123822,2026-03-13T02:15:23.822Z,L15,0
1773368123822,2026-03-13T02:15:23.822Z,L16,0
1773368123822,2026-03-13T02:15:23.822Z,R01,0
1773368123822,2026-03-13T02:15:23.822Z,R02,0
1773368123822,2026-03-13T02:15:23.822Z,R03,0
1773368123822,2026-03-13T02:15:23.822Z,R04,0
1773368123822,2026-03-13T02:15:23.822Z,R05,0
1773368123822,2026-03-13T02:15:23.822Z,R06,0
1773368123822,2026-03-13T02:15:23.822Z,R07,0
1773368123822,2026-03-13T02:15:23.822Z,R08,0
1773368123822,2026-03-13T02:15:23.822Z,R09,0
1773368123822,2026-03-13T02:15:23.822Z,R10,0
1773368123822,2026-03-13T02:15:23.822Z,R11,0
1773368123822,2026-03-13T02:15:23.822Z,R12,0
1773368123822,2026-03-13T02:15:23.822Z,R13,0
1773368123822,2026-03-13T02:15:23.822Z,R14,0
1773368123822,2026-03-13T02:15:23.822Z,R15,0
1773368123822,2026-03-13T02:15:23.822Z,R16,0
1773368123912,2026-03-13T02:15:23.912Z,L01,0
1773368123912,2026-03-13T02:15:23.912Z,L02,0
1773368123912,2026-03-13T02:15:23.912Z,L03,0
1773368123912,2026-03-13T02:15:23.912Z,L04,0
1773368123912,2026-03-13T02:15:23.912Z,L05,0
1773368123912,2026-03-13T02:15:23.912Z,L06,0
1773368123912,2026-03-13T02:15:23.912Z,L07,0
1773368123912,2026-03-13T02:15:23.912Z,L08,0
1773368123912,2026-03-13T02:15:23.912Z,L09,0
1773368123912,2026-03-13T02:15:23.912Z,L10,0
1773368123912,2026-03-13T02:15:23.912Z,L11,0
1773368123912,2026-03-13T02:15:23.912Z,L12,0
1773368123912,2026-03-13T02:15:23.912Z,L13,0
1773368123912,2026-03-13T02:15:23.912Z,L14,0
1773368123912,2026-03-13T02:15:23.912Z,L15,0
1773368123912,2026-03-13T02:15:23.912Z,L16,0
1773368123912,2026-03-13T02:15:23.912Z,R01,218
1773368123912,2026-03-13T02:15:23.912Z,R02,463
1773368123912,2026-03-13T02:15:23.912Z,R03,458
1773368123912,2026-03-13T02:15:23.912Z,R04,204
1773368123912,2026-03-13T02:15:23.912Z,R05,0
1773368123912,2026-03-13T02:15:23.912Z,R06,0
1773368123912,2026-03-13T02:15:23.912Z,R07,391
1773368123912,2026-03-13T02:15:23.912Z,R08,130
1773368123912,2026-03-13T02:15:23.912Z,R09,0
1773368123912,2026-03-13T02:15:23.912Z,R10,0
1773368123912,2026-03-13T02:15:23.912Z,R11,166
1773368123912,2026-03-13T02:15:23.912Z,R12,422
1773368123912,2026-03-13T02:15:23.912Z,R13,119
1773368123912,2026-03-13T02:15:23.912Z,R14,0
1773368123912,2026-03-13T02:15:23.912Z,R15,0
1773368123912,2026-03-13T02:15:23.912Z,R16,0
1773368124060,2026-03-13T02:15:24.060Z,L01,0
1773368124060,2026-03-13T02:15:24.060Z,L02,0
1773368124060,2026-03-13T02:15:24.060Z,L03,0
1773368124060,2026-03-13T02:15:24.060Z,L04,0
1773368124060,2026-03-13T02:15:24.060Z,L05,0
1773368124060,2026-03-13T02:15:24.060Z,L06,0
1773368124060,2026-03-13T02:15:24.060Z,L07,0
1773368124060,2026-03-13T02:15:24.060Z,L08,0
1773368124060,2026-03-13T02:15:24.060Z,L09,0
1773368124060,2026-03-13T02:15:24.060Z,L10,0
1773368124060,2026-03-13T02:15:24.060Z,L11,0
1773368124060,2026-03-13T02:15:24.060Z,L12,0
1773368124060,2026-03-13T02:15:24.060Z,L13,0
1773368124060,2026-03-13T02:15:24.060Z,L14,0
1773368124060,2026-03-13T02:15:24.060Z,L15,0
1773368124060,2026-03-13T02:15:24.060Z,L16,0
1773368124060,2026-03-13T02:15:24.060Z,R01,0
1773368124060,2026-03-13T02:15:24.060Z,R02,0
1773368124060,2026-03-13T02:15:24.060Z,R03,0
1773368124060,2026-03-13T02:15:24.060Z,R04,0
1773368124060,2026-03-13T02:15:24.060Z,R05,0
1773368124060,2026-03-13T02:15:24.060Z,R06,0
1773368124060,2026-03-13T02:15:24.060Z,R07,0
1773368124060,2026-03-13T02:15:24.060Z,R08,0
1773368124060,2026-03-13T02:15:24.060Z,R09,0
1773368124060,2026-03-13T02:15:24.060Z,R10,0
1773368124060,2026-03-13T02:15:24.060Z,R11,0
1773368124060,2026-03-13T02:15:24.060Z,R12,0
1773368124060,2026-03-13T02:15:24.060Z,R13,0
1773368124060,2026-03-13T02:15:24.060Z,R14,0
1773368124060,2026-03-13T02:15:24.060Z,R15,0
1773368124060,2026-03-13T02:15:24.060Z,R16,0
1773368124180,2026-03-13T02:15:24.180Z,L01,0
1773368124180,2026-03-13T02:15:24.180Z,L02,111
1773368124180,2026-03-13T02:15:24.180Z,L03,464
1773368124180,2026-03-13T02:15:24.180Z,L04,0
1773368124180,2026-03-13T02:15:24.180Z,L05,0
1773368124180,2026-03-13T02:15:24.180Z,L06,0
1773368124180,2026-03-13T02:15:24.180Z,L07,489
1773368124180,2026-03-13T02:15:24.180Z,L08,320
1773368124180,2026-03-13T02:15:24.180Z,L09,0
1773368124180,2026-03-13T02:15:24.180Z,L10,0
1773368124180,2026-03-13T02:15:24.180Z,L11,485
1773368124180,2026-03-13T02:15:24.180Z,L12,377
1773368124180,2026-03-13T02:15:24.180Z,L13,474
1773368124180,2026-03-13T02:15:24.180Z,L14,0
1773368124180,2026-03-13T02:15:24.180Z,L15,0
1773368124180,2026-03-13T02:15:24.180Z,L16,0
1773368124180,2026-03-13T02:15:24.180Z,R01,0
1773368124180,2026-03-13T02:15:24.180Z,R02,0
1773368124180,2026-03-13T02:15:24.180Z,R03,0
1773368124180,2026-03-13T02:15:24.180Z,R04,0
1773368124180,2026-03-13T02:15:24.180Z,R05,0
1773368124180,2026-03-13T02:15:24.180Z,R06,0
1773368124180,2026-03-13T02:15:24.180Z,R07,0
1773368124180,2026-03-13T02:15:24.180Z,R08,0
1773368124180,2026-03-13T02:15:24.180Z,R09,0
1773368124180,2026-03-13T02:15:24.180Z,R10,0
1773368124180,2026-03-13T02:15:24.180Z,R11,0
1773368124180,2026-03-13T02:15:24.180Z,R12,0
1773368124180,2026-03-13T02:15:24.180Z,R13,0
1773368124180,2026-03-13T02:15:24.180Z,R14,0
1773368124180,2026-03-13T02:15:24.180Z,R15,0
1773368124180,2026-03-13T02:15:24.180Z,R16,0
1773368124301,2026-03-13T02:15:24.301Z,L01,0
1773368124301,2026-03-13T02:15:24.301Z,L02,0
1773368124301,2026-03-13T02:15:24.301Z,L03,0
1773368124301,2026-03-13T02:15:24.301Z,L04,0
1773368124301,2026-03-13T02:15:24.301Z,L05,0
1773368124301,2026-03-13T02:15:24.301Z,L06,0
1773368124301,2026-03-13T02:15:24.301Z,L07,0
1773368124301,2026-03-13T02:15:24.301Z,L08,0
1773368124301,2026-03-13T02:15:24.301Z,L09,0
1773368124301,2026-03-13T02:15:24.301Z,L10,0
1773368124301,2026-03-13T02:15:24.301Z,L11,0
1773368124301,2026-03-13T02:15:24.301Z,L12,0
1773368124301,2026-03-13T02:15:24.301Z,L13,449
1773368124301,2026-03-13T02:15:24.301Z,L14,0
1773368124301,2026-03-13T02:15:24.301Z,L15,0
1773368124301,2026-03-13T02:15:24.301Z,L16,0
1773368124301,2026-03-13T02:15:24.301Z,R01,0
1773368124301,2026-03-13T02:15:24.301Z,R02,0
1773368124301,2026-03-13T02:15:24.301Z,R03,0
1773368124301,2026-03-13T02:15:24.301Z,R04,0
1773368124301,2026-03-13T02:15:24.301Z,R05,0
1773368124301,2026-03-13T02:15:24.301Z,R06,0
1773368124301,2026-03-13T02:15:24.301Z,R07,0
1773368124301,2026-03-13T02:15:24.301Z,R08,0
1773368124301,2026-03-13T02:15:24.301Z,R09,0
1773368124301,2026-03-13T02:15:24.301Z,R10,0
1773368124301,2026-03-13T02:15:24.301Z,R11,0
1773368124301,2026-03-13T02:15:24.301Z,R12,0
1773368124301,2026-03-13T02:15:24.301Z,R13,0
1773368124301,2026-03-13T02:15:24.301Z,R14,0
1773368124301,2026-03-13T02:15:24.301Z,R15,0
1773368124301,2026-03-13T02:15:24.301Z,R16,0
1773368124453,2026-03-13T02:15:24.453Z,L01,0
1773368124453,2026-03-13T02:15:24.453Z,L02,0
1773368124453,2026-03-13T02:15:24.453Z,L03,0
1773368124453,2026-03-13T02:15:24.453Z,L04,0
1773368124453,2026-03-13T02:15:24.453Z,L05,0
1773368124453,2026-03-13T02:15:24.453Z,L06,0
1773368124453,2026-03-13T02:15:24.453Z,L07,0
1773368124453,2026-03-13T02:15:24.453Z,L08,0
1773368124453,2026-03-13T02:15:24.453Z,L09,0
1773368124453,2026-03-13T02:15:24.453Z,L10,0
1773368124453,2026-03-13T02:15:24.453Z,L11,0
1773368124453,2026-03-13T02:15:24.453Z,L12,0
1773368124453,2026-03-13T02:15:24.453Z,L13,0
1773368124453,2026-03-13T02:15:24.453Z,L14,0
1773368124453,2026-03-13T02:15:24.453Z,L15,0
1773368124453,2026-03-13T02:15:24.453Z,L16,0
1773368124453,2026-03-13T02:15:24.453Z,R01,218
1773368124453,2026-03-13T02:15:24.453Z,R02,63
1773368124453,2026-03-13T02:15:24.453Z,R03,54
1773368124453,2026-03-13T02:15:24.453Z,R04,75
1773368124453,2026-03-13T02:15:24.453Z,R05,0
1773368124453,2026-03-13T02:15:24.453Z,R06,0
1773368124453,2026-03-13T02:15:24.453Z,R07,432
1773368124453,2026-03-13T02:15:24.453Z,R08,156
1773368124453,2026-03-13T02:15:24.453Z,R09,174
1773368124453,2026-03-13T02:15:24.453Z,R10,0
1773368124453,2026-03-13T02:15:24.453Z,R11,176
1773368124453,2026-03-13T02:15:24.453Z,R12,238
1773368124453,2026-03-13T02:15:24.453Z,R13,340
1773368124453,2026-03-13T02:15:24.453Z,R14,20
1773368124453,2026-03-13T02:15:24.453Z,R15,0
1773368124453,2026-03-13T02:15:24.453Z,R16,0
1773368124569,2026-03-13T02:15:24.569Z,L01,0
1773368124569,2026-03-13T02:15:24.569Z,L02,0
1773368124569,2026-03-13T02:15:24.569Z,L03,0
1773368124569,2026-03-13T02:15:24.569Z,L04,0
1773368124569,2026-03-13T02:15:24.569Z,L05,0
1773368124569,2026-03-13T02:15:24.569Z,L06,0
1773368124569,2026-03-13T02:15:24.569Z,L07,0
1773368124569,2026-03-13T02:15:24.569Z,L08,0
1773368124569,2026-03-13T02:15:24.569Z,L09,0
1773368124569,2026-03-13T02:15:24.569Z,L10,0
1773368124569,2026-03-13T02:15:24.569Z,L11,0
1773368124569,2026-03-13T02:15:24.569Z,L12,0
1773368124569,2026-03-13T02:15:24.569Z,L13,0
1773368124569,2026-03-13T02:15:24.569Z,L14,0
1773368124569,2026-03-13T02:15:24.569Z,L15,0
1773368124569,2026-03-13T02:15:24.569Z,L16,0
1773368124569,2026-03-13T02:15:24.569Z,R01,0
1773368124569,2026-03-13T02:15:24.569Z,R02,0
1773368124569,2026-03-13T02:15:24.569Z,R03,0
1773368124569,2026-03-13T02:15:24.569Z,R04,0
1773368124569,2026-03-13T02:15:24.569Z,R05,0
1773368124569,2026-03-13T02:15:24.569Z,R06,0
1773368124569,2026-03-13T02:15:24.569Z,R07,218
1773368124569,2026-03-13T02:15:24.569Z,R08,173
1773368124569,2026-03-13T02:15:24.569Z,R09,0
1773368124569,2026-03-13T02:15:24.569Z,R10,0
1773368124569,2026-03-13T02:15:24.569Z,R11,0
1773368124569,2026-03-13T02:15:24.569Z,R12,0
1773368124569,2026-03-13T02:15:24.569Z,R13,494
1773368124569,2026-03-13T02:15:24.569Z,R14,0
1773368124569,2026-03-13T02:15:24.569Z,R15,0
1773368124569,2026-03-13T02:15:24.569Z,R16,0
1773368124690,2026-03-13T02:15:24.690Z,L01,322
1773368124690,2026-03-13T02:15:24.690Z,L02,90
1773368124690,2026-03-13T02:15:24.690Z,L03,111
1773368124690,2026-03-13T02:15:24.690Z,L04,153
1773368124690,2026-03-13T02:15:24.690Z,L05,0
1773368124690,2026-03-13T02:15:24.690Z,L06,0
1773368124690,2026-03-13T02:15:24.690Z,L07,474
1773368124690,2026-03-13T02:15:24.690Z,L08,218
1773368124690,2026-03-13T02:15:24.690Z,L09,0
1773368124690,2026-03-13T02:15:24.690Z,L10,0
1773368124690,2026-03-13T02:15:24.690Z,L11,326
1773368124690,2026-03-13T02:15:24.690Z,L12,111
1773368124690,2026-03-13T02:15:24.690Z,L13,427
1773368124690,2026-03-13T02:15:24.690Z,L14,0
1773368124690,2026-03-13T02:15:24.690Z,L15,0
1773368124690,2026-03-13T02:15:24.690Z,L16,0
1773368124690,2026-03-13T02:15:24.690Z,R01,0
1773368124690,2026-03-13T02:15:24.690Z,R02,0
1773368124690,2026-03-13T02:15:24.690Z,R03,0
1773368124690,2026-03-13T02:15:24.690Z,R04,0
1773368124690,2026-03-13T02:15:24.690Z,R05,0
1773368124690,2026-03-13T02:15:24.690Z,R06,0
1773368124690,2026-03-13T02:15:24.690Z,R07,0
1773368124690,2026-03-13T02:15:24.690Z,R08,0
1773368124690,2026-03-13T02:15:24.690Z,R09,0
1773368124690,2026-03-13T02:15:24.690Z,R10,0
1773368124690,2026-03-13T02:15:24.690Z,R11,0
1773368124690,2026-03-13T02:15:24.690Z,R12,0
1773368124690,2026-03-13T02:15:24.690Z,R13,0
1773368124690,2026-03-13T02:15:24.690Z,R14,0
1773368124690,2026-03-13T02:15:24.690Z,R15,0
1773368124690,2026-03-13T02:15:24.690Z,R16,0
1773368124812,2026-03-13T02:15:24.812Z,L01,0
1773368124812,2026-03-13T02:15:24.812Z,L02,0
1773368124812,2026-03-13T02:15:24.812Z,L03,0
1773368124812,2026-03-13T02:15:24.812Z,L04,0
1773368124812,2026-03-13T02:15:24.812Z,L05,0
1773368124812,2026-03-13T02:15:24.812Z,L06,0
1773368124812,2026-03-13T02:15:24.812Z,L07,0
1773368124812,2026-03-13T02:15:24.812Z,L08,0
1773368124812,2026-03-13T02:15:24.812Z,L09,0
1773368124812,2026-03-13T02:15:24.812Z,L10,0
1773368124812,2026-03-13T02:15:24.812Z,L11,0
1773368124812,2026-03-13T02:15:24.812Z,L12,0
1773368124812,2026-03-13T02:15:24.812Z,L13,0
1773368124812,2026-03-13T02:15:24.812Z,L14,0
1773368124812,2026-03-13T02:15:24.812Z,L15,0
1773368124812,2026-03-13T02:15:24.812Z,L16,0
1773368124812,2026-03-13T02:15:24.812Z,R01,0
1773368124812,2026-03-13T02:15:24.812Z,R02,0
1773368124812,2026-03-13T02:15:24.812Z,R03,0
1773368124812,2026-03-13T02:15:24.812Z,R04,0
1773368124812,2026-03-13T02:15:24.812Z,R05,0
1773368124812,2026-03-13T02:15:24.812Z,R06,0
1773368124812,2026-03-13T02:15:24.812Z,R07,0
1773368124812,2026-03-13T02:15:24.812Z,R08,0
1773368124812,2026-03-13T02:15:24.812Z,R09,0
1773368124812,2026-03-13T02:15:24.812Z,R10,0
1773368124812,2026-03-13T02:15:24.812Z,R11,0
1773368124812,2026-03-13T02:15:24.812Z,R12,0
1773368124812,2026-03-13T02:15:24.812Z,R13,0
1773368124812,2026-03-13T02:15:24.812Z,R14,0
1773368124812,2026-03-13T02:15:24.812Z,R15,0
1773368124812,2026-03-13T02:15:24.812Z,R16,0
1773368124959,2026-03-13T02:15:24.959Z,L01,0
1773368124959,2026-03-13T02:15:24.959Z,L02,0
1773368124959,2026-03-13T02:15:24.959Z,L03,0
1773368124959,2026-03-13T02:15:24.959Z,L04,0
1773368124959,2026-03-13T02:15:24.959Z,L05,0
1773368124959,2026-03-13T02:15:24.959Z,L06,0
1773368124959,2026-03-13T02:15:24.959Z,L07,0
1773368124959,2026-03-13T02:15:24.959Z,L08,0
1773368124959,2026-03-13T02:15:24.959Z,L09,0
1773368124959,2026-03-13T02:15:24.959Z,L10,0
1773368124959,2026-03-13T02:15:24.959Z,L11,0
1773368124959,2026-03-13T02:15:24.959Z,L12,0
1773368124959,2026-03-13T02:15:24.959Z,L13,0
1773368124959,2026-03-13T02:15:24.959Z,L14,0
1773368124959,2026-03-13T02:15:24.959Z,L15,0
1773368124959,2026-03-13T02:15:24.959Z,L16,0
1773368124959,2026-03-13T02:15:24.959Z,R01,0
1773368124959,2026-03-13T02:15:24.959Z,R02,0
1773368124959,2026-03-13T02:15:24.959Z,R03,0
1773368124959,2026-03-13T02:15:24.959Z,R04,0
1773368124959,2026-03-13T02:15:24.959Z,R05,0
1773368124959,2026-03-13T02:15:24.959Z,R06,0
1773368124959,2026-03-13T02:15:24.959Z,R07,0
1773368124959,2026-03-13T02:15:24.959Z,R08,0
1773368124959,2026-03-13T02:15:24.959Z,R09,0
1773368124959,2026-03-13T02:15:24.959Z,R10,0
1773368124959,2026-03-13T02:15:24.959Z,R11,0
1773368124959,2026-03-13T02:15:24.959Z,R12,0
1773368124959,2026-03-13T02:15:24.959Z,R13,0
1773368124959,2026-03-13T02:15:24.959Z,R14,0
1773368124959,2026-03-13T02:15:24.959Z,R15,0
1773368124959,2026-03-13T02:15:24.959Z,R16,0
1773368125077,2026-03-13T02:15:25.077Z,L01,0
1773368125077,2026-03-13T02:15:25.077Z,L02,0
1773368125077,2026-03-13T02:15:25.077Z,L03,0
1773368125077,2026-03-13T02:15:25.077Z,L04,0
1773368125077,2026-03-13T02:15:25.077Z,L05,0
1773368125077,2026-03-13T02:15:25.077Z,L06,0
1773368125077,2026-03-13T02:15:25.077Z,L07,0
1773368125077,2026-03-13T02:15:25.077Z,L08,0
1773368125077,2026-03-13T02:15:25.077Z,L09,0
1773368125077,2026-03-13T02:15:25.077Z,L10,0
1773368125077,2026-03-13T02:15:25.077Z,L11,0
1773368125077,2026-03-13T02:15:25.077Z,L12,0
1773368125077,2026-03-13T02:15:25.077Z,L13,0
1773368125077,2026-03-13T02:15:25.077Z,L14,0
1773368125077,2026-03-13T02:15:25.077Z,L15,0
1773368125077,2026-03-13T02:15:25.077Z,L16,0
1773368125077,2026-03-13T02:15:25.077Z,R01,0
1773368125077,2026-03-13T02:15:25.077Z,R02,0
1773368125077,2026-03-13T02:15:25.077Z,R03,0
1773368125077,2026-03-13T02:15:25.077Z,R04,0
1773368125077,2026-03-13T02:15:25.077Z,R05,0
1773368125077,2026-03-13T02:15:25.077Z,R06,0
1773368125077,2026-03-13T02:15:25.077Z,R07,0
1773368125077,2026-03-13T02:15:25.077Z,R08,0
1773368125077,2026-03-13T02:15:25.077Z,R09,0
1773368125077,2026-03-13T02:15:25.077Z,R10,0
1773368125077,2026-03-13T02:15:25.077Z,R11,0
1773368125077,2026-03-13T02:15:25.077Z,R12,0
1773368125077,2026-03-13T02:15:25.077Z,R13,0
1773368125077,2026-03-13T02:15:25.077Z,R14,0
1773368125077,2026-03-13T02:15:25.077Z,R15,0
1773368125077,2026-03-13T02:15:25.077Z,R16,0
1773368125199,2026-03-13T02:15:25.199Z,L01,0
1773368125199,2026-03-13T02:15:25.199Z,L02,0
1773368125199,2026-03-13T02:15:25.199Z,L03,0
1773368125199,2026-03-13T02:15:25.199Z,L04,0
1773368125199,2026-03-13T02:15:25.199Z,L05,0
1773368125199,2026-03-13T02:15:25.199Z,L06,0
1773368125199,2026-03-13T02:15:25.199Z,L07,0
1773368125199,2026-03-13T02:15:25.199Z,L08,0
1773368125199,2026-03-13T02:15:25.199Z,L09,0
1773368125199,2026-03-13T02:15:25.199Z,L10,0
1773368125199,2026-03-13T02:15:25.199Z,L11,0
1773368125199,2026-03-13T02:15:25.199Z,L12,0
1773368125199,2026-03-13T02:15:25.199Z,L13,0
1773368125199,2026-03-13T02:15:25.199Z,L14,0
1773368125199,2026-03-13T02:15:25.199Z,L15,0
1773368125199,2026-03-13T02:15:25.199Z,L16,0
1773368125199,2026-03-13T02:15:25.199Z,R01,425
1773368125199,2026-03-13T02:15:25.199Z,R02,232
1773368125199,2026-03-13T02:15:25.199Z,R03,243
1773368125199,2026-03-13T02:15:25.199Z,R04,0
1773368125199,2026-03-13T02:15:25.199Z,R05,0
1773368125199,2026-03-13T02:15:25.199Z,R06,0
1773368125199,2026-03-13T02:15:25.199Z,R07,360
1773368125199,2026-03-13T02:15:25.199Z,R08,396
1773368125199,2026-03-13T02:15:25.199Z,R09,0
1773368125199,2026-03-13T02:15:25.199Z,R10,0
1773368125199,2026-03-13T02:15:25.199Z,R11,99
1773368125199,2026-03-13T02:15:25.199Z,R12,197
1773368125199,2026-03-13T02:15:25.199Z,R13,140
1773368125199,2026-03-13T02:15:25.199Z,R14,0
1773368125199,2026-03-13T02:15:25.199Z,R15,0
1773368125199,2026-03-13T02:15:25.199Z,R16,0
1773368125320,2026-03-13T02:15:25.320Z,L01,0
1773368125320,2026-03-13T02:15:25.320Z,L02,0
1773368125320,2026-03-13T02:15:25.320Z,L03,0
1773368125320,2026-03-13T02:15:25.320Z,L04,0
1773368125320,2026-03-13T02:15:25.320Z,L05,0
1773368125320,2026-03-13T02:15:25.320Z,L06,0
1773368125320,2026-03-13T02:15:25.320Z,L07,71
1773368125320,2026-03-13T02:15:25.320Z,L08,45
1773368125320,2026-03-13T02:15:25.320Z,L09,0
1773368125320,2026-03-13T02:15:25.320Z,L10,0
1773368125320,2026-03-13T02:15:25.320Z,L11,15
1773368125320,2026-03-13T02:15:25.320Z,L12,0
1773368125320,2026-03-13T02:15:25.320Z,L13,413
1773368125320,2026-03-13T02:15:25.320Z,L14,0
1773368125320,2026-03-13T02:15:25.320Z,L15,0
1773368125320,2026-03-13T02:15:25.320Z,L16,0
1773368125320,2026-03-13T02:15:25.320Z,R01,0
1773368125320,2026-03-13T02:15:25.320Z,R02,0
1773368125320,2026-03-13T02:15:25.320Z,R03,0
1773368125320,2026-03-13T02:15:25.320Z,R04,0
1773368125320,2026-03-13T02:15:25.320Z,R05,0
1773368125320,2026-03-13T02:15:25.320Z,R06,0
1773368125320,2026-03-13T02:15:25.320Z,R07,0
1773368125320,2026-03-13T02:15:25.320Z,R08,0
1773368125320,2026-03-13T02:15:25.320Z,R09,0
1773368125320,2026-03-13T02:15:25.320Z,R10,0
1773368125320,2026-03-13T02:15:25.320Z,R11,0
1773368125320,2026-03-13T02:15:25.320Z,R12,0
1773368125320,2026-03-13T02:15:25.320Z,R13,0
1773368125320,2026-03-13T02:15:25.320Z,R14,0
1773368125320,2026-03-13T02:15:25.320Z,R15,0
1773368125320,2026-03-13T02:15:25.320Z,R16,0
1773368125470,2026-03-13T02:15:25.470Z,L01,0
1773368125470,2026-03-13T02:15:25.470Z,L02,0
1773368125470,2026-03-13T02:15:25.470Z,L03,0
1773368125470,2026-03-13T02:15:25.470Z,L04,0
1773368125470,2026-03-13T02:15:25.470Z,L05,0
1773368125470,2026-03-13T02:15:25.470Z,L06,0
1773368125470,2026-03-13T02:15:25.470Z,L07,0
1773368125470,2026-03-13T02:15:25.470Z,L08,0
1773368125470,2026-03-13T02:15:25.470Z,L09,0
1773368125470,2026-03-13T02:15:25.470Z,L10,0
1773368125470,2026-03-13T02:15:25.470Z,L11,0
1773368125470,2026-03-13T02:15:25.470Z,L12,0
1773368125470,2026-03-13T02:15:25.470Z,L13,0
1773368125470,2026-03-13T02:15:25.470Z,L14,0
1773368125470,2026-03-13T02:15:25.470Z,L15,0
1773368125470,2026-03-13T02:15:25.470Z,L16,0
1773368125470,2026-03-13T02:15:25.470Z,R01,110
1773368125470,2026-03-13T02:15:25.470Z,R02,356
1773368125470,2026-03-13T02:15:25.470Z,R03,8
1773368125470,2026-03-13T02:15:25.470Z,R04,429
1773368125470,2026-03-13T02:15:25.470Z,R05,0
1773368125470,2026-03-13T02:15:25.470Z,R06,0
1773368125470,2026-03-13T02:15:25.470Z,R07,417
1773368125470,2026-03-13T02:15:25.470Z,R08,258
1773368125470,2026-03-13T02:15:25.470Z,R09,0
1773368125470,2026-03-13T02:15:25.470Z,R10,0
1773368125470,2026-03-13T02:15:25.470Z,R11,386
1773368125470,2026-03-13T02:15:25.470Z,R12,104
1773368125470,2026-03-13T02:15:25.470Z,R13,114
1773368125470,2026-03-13T02:15:25.470Z,R14,0
1773368125470,2026-03-13T02:15:25.470Z,R15,0
1773368125470,2026-03-13T02:15:25.470Z,R16,0
1773368125589,2026-03-13T02:15:25.589Z,L01,0
1773368125589,2026-03-13T02:15:25.589Z,L02,0
1773368125589,2026-03-13T02:15:25.589Z,L03,0
1773368125589,2026-03-13T02:15:25.589Z,L04,0
1773368125589,2026-03-13T02:15:25.589Z,L05,0
1773368125589,2026-03-13T02:15:25.589Z,L06,0
1773368125589,2026-03-13T02:15:25.589Z,L07,0
1773368125589,2026-03-13T02:15:25.589Z,L08,101
1773368125589,2026-03-13T02:15:25.589Z,L09,0
1773368125589,2026-03-13T02:15:25.589Z,L10,0
1773368125589,2026-03-13T02:15:25.589Z,L11,0
1773368125589,2026-03-13T02:15:25.589Z,L12,0
1773368125589,2026-03-13T02:15:25.589Z,L13,44
1773368125589,2026-03-13T02:15:25.589Z,L14,0
1773368125589,2026-03-13T02:15:25.589Z,L15,0
1773368125589,2026-03-13T02:15:25.589Z,L16,0
1773368125589,2026-03-13T02:15:25.589Z,R01,0
1773368125589,2026-03-13T02:15:25.589Z,R02,0
1773368125589,2026-03-13T02:15:25.589Z,R03,0
1773368125589,2026-03-13T02:15:25.589Z,R04,0
1773368125589,2026-03-13T02:15:25.589Z,R05,0
1773368125589,2026-03-13T02:15:25.589Z,R06,0
1773368125589,2026-03-13T02:15:25.589Z,R07,0
1773368125589,2026-03-13T02:15:25.589Z,R08,0
1773368125589,2026-03-13T02:15:25.589Z,R09,0
1773368125589,2026-03-13T02:15:25.589Z,R10,0
1773368125589,2026-03-13T02:15:25.589Z,R11,0
1773368125589,2026-03-13T02:15:25.589Z,R12,0
1773368125589,2026-03-13T02:15:25.589Z,R13,0
1773368125589,2026-03-13T02:15:25.589Z,R14,0
1773368125589,2026-03-13T02:15:25.589Z,R15,0
1773368125589,2026-03-13T02:15:25.589Z,R16,0
1773368125709,2026-03-13T02:15:25.709Z,L01,389
1773368125709,2026-03-13T02:15:25.709Z,L02,389
1773368125709,2026-03-13T02:15:25.709Z,L03,445
1773368125709,2026-03-13T02:15:25.709Z,L04,0
1773368125709,2026-03-13T02:15:25.709Z,L05,0
1773368125709,2026-03-13T02:15:25.709Z,L06,0
1773368125709,2026-03-13T02:15:25.709Z,L07,192
1773368125709,2026-03-13T02:15:25.709Z,L08,213
1773368125709,2026-03-13T02:15:25.709Z,L09,0
1773368125709,2026-03-13T02:15:25.709Z,L10,0
1773368125709,2026-03-13T02:15:25.709Z,L11,270
1773368125709,2026-03-13T02:15:25.709Z,L12,111
1773368125709,2026-03-13T02:15:25.709Z,L13,335
1773368125709,2026-03-13T02:15:25.709Z,L14,0
1773368125709,2026-03-13T02:15:25.709Z,L15,0
1773368125709,2026-03-13T02:15:25.709Z,L16,0
1773368125709,2026-03-13T02:15:25.709Z,R01,0
1773368125709,2026-03-13T02:15:25.709Z,R02,0
1773368125709,2026-03-13T02:15:25.709Z,R03,0
1773368125709,2026-03-13T02:15:25.709Z,R04,0
1773368125709,2026-03-13T02:15:25.709Z,R05,0
1773368125709,2026-03-13T02:15:25.709Z,R06,0
1773368125709,2026-03-13T02:15:25.709Z,R07,0
1773368125709,2026-03-13T02:15:25.709Z,R08,0
1773368125709,2026-03-13T02:15:25.709Z,R09,0
1773368125709,2026-03-13T02:15:25.709Z,R10,0
1773368125709,2026-03-13T02:15:25.709Z,R11,0
1773368125709,2026-03-13T02:15:25.709Z,R12,0
1773368125709,2026-03-13T02:15:25.709Z,R13,0
1773368125709,2026-03-13T02:15:25.709Z,R14,0
1773368125709,2026-03-13T02:15:25.709Z,R15,0
1773368125709,2026-03-13T02:15:25.709Z,R16,0
1773368125831,2026-03-13T02:15:25.831Z,L01,0
1773368125831,2026-03-13T02:15:25.831Z,L02,0
1773368125831,2026-03-13T02:15:25.831Z,L03,0
1773368125831,2026-03-13T02:15:25.831Z,L04,0
1773368125831,2026-03-13T02:15:25.831Z,L05,0
1773368125831,2026-03-13T02:15:25.831Z,L06,0
1773368125831,2026-03-13T02:15:25.831Z,L07,0
1773368125831,2026-03-13T02:15:25.831Z,L08,0
1773368125831,2026-03-13T02:15:25.831Z,L09,0
1773368125831,2026-03-13T02:15:25.831Z,L10,0
1773368125831,2026-03-13T02:15:25.831Z,L11,0
1773368125831,2026-03-13T02:15:25.831Z,L12,0
1773368125831,2026-03-13T02:15:25.831Z,L13,0
1773368125831,2026-03-13T02:15:25.831Z,L14,0
1773368125831,2026-03-13T02:15:25.831Z,L15,0
1773368125831,2026-03-13T02:15:25.831Z,L16,0
1773368125831,2026-03-13T02:15:25.831Z,R01,0
1773368125831,2026-03-13T02:15:25.831Z,R02,0
1773368125831,2026-03-13T02:15:25.831Z,R03,0
1773368125831,2026-03-13T02:15:25.831Z,R04,0
1773368125831,2026-03-13T02:15:25.831Z,R05,0
1773368125831,2026-03-13T02:15:25.831Z,R06,0
1773368125831,2026-03-13T02:15:25.831Z,R07,0
1773368125831,2026-03-13T02:15:25.831Z,R08,0
1773368125831,2026-03-13T02:15:25.831Z,R09,0
1773368125831,2026-03-13T02:15:25.831Z,R10,0
1773368125831,2026-03-13T02:15:25.831Z,R11,0
1773368125831,2026-03-13T02:15:25.831Z,R12,0
1773368125831,2026-03-13T02:15:25.831Z,R13,0
1773368125831,2026-03-13T02:15:25.831Z,R14,0
1773368125831,2026-03-13T02:15:25.831Z,R15,0
1773368125831,2026-03-13T02:15:25.831Z,R16,0
1773368125977,2026-03-13T02:15:25.977Z,L01,0
1773368125977,2026-03-13T02:15:25.977Z,L02,0
1773368125977,2026-03-13T02:15:25.977Z,L03,0
1773368125977,2026-03-13T02:15:25.977Z,L04,0
1773368125977,2026-03-13T02:15:25.977Z,L05,0
1773368125977,2026-03-13T02:15:25.977Z,L06,0
1773368125977,2026-03-13T02:15:25.977Z,L07,0
1773368125977,2026-03-13T02:15:25.977Z,L08,0
1773368125977,2026-03-13T02:15:25.977Z,L09,0
1773368125977,2026-03-13T02:15:25.977Z,L10,0
1773368125977,2026-03-13T02:15:25.977Z,L11,0
1773368125977,2026-03-13T02:15:25.977Z,L12,0
1773368125977,2026-03-13T02:15:25.977Z,L13,0
1773368125977,2026-03-13T02:15:25.977Z,L14,0
1773368125977,2026-03-13T02:15:25.977Z,L15,0
1773368125977,2026-03-13T02:15:25.977Z,L16,0
1773368125977,2026-03-13T02:15:25.977Z,R01,0
1773368125977,2026-03-13T02:15:25.977Z,R02,0
1773368125977,2026-03-13T02:15:25.977Z,R03,0
1773368125977,2026-03-13T02:15:25.977Z,R04,0
1773368125977,2026-03-13T02:15:25.977Z,R05,0
1773368125977,2026-03-13T02:15:25.977Z,R06,0
1773368125977,2026-03-13T02:15:25.977Z,R07,0
1773368125977,2026-03-13T02:15:25.977Z,R08,0
1773368125977,2026-03-13T02:15:25.977Z,R09,0
1773368125977,2026-03-13T02:15:25.977Z,R10,0
1773368125977,2026-03-13T02:15:25.977Z,R11,0
1773368125977,2026-03-13T02:15:25.977Z,R12,0
1773368125977,2026-03-13T02:15:25.977Z,R13,0
1773368125977,2026-03-13T02:15:25.977Z,R14,0
1773368125977,2026-03-13T02:15:25.977Z,R15,0
1773368125977,2026-03-13T02:15:25.977Z,R16,0
1773368126100,2026-03-13T02:15:26.100Z,L01,0
1773368126100,2026-03-13T02:15:26.100Z,L02,0
1773368126100,2026-03-13T02:15:26.100Z,L03,0
1773368126100,2026-03-13T02:15:26.100Z,L04,0
1773368126100,2026-03-13T02:15:26.100Z,L05,0
1773368126100,2026-03-13T02:15:26.100Z,L06,0
1773368126100,2026-03-13T02:15:26.100Z,L07,0
1773368126100,2026-03-13T02:15:26.100Z,L08,0
1773368126100,2026-03-13T02:15:26.100Z,L09,0
1773368126100,2026-03-13T02:15:26.100Z,L10,0
1773368126100,2026-03-13T02:15:26.100Z,L11,0
1773368126100,2026-03-13T02:15:26.100Z,L12,0
1773368126100,2026-03-13T02:15:26.100Z,L13,0
1773368126100,2026-03-13T02:15:26.100Z,L14,0
1773368126100,2026-03-13T02:15:26.100Z,L15,0
1773368126100,2026-03-13T02:15:26.100Z,L16,0
1773368126100,2026-03-13T02:15:26.100Z,R01,458
1773368126100,2026-03-13T02:15:26.100Z,R02,391
1773368126100,2026-03-13T02:15:26.100Z,R03,381
1773368126100,2026-03-13T02:15:26.100Z,R04,468
1773368126100,2026-03-13T02:15:26.100Z,R05,122
1773368126100,2026-03-13T02:15:26.100Z,R06,0
1773368126100,2026-03-13T02:15:26.100Z,R07,340
1773368126100,2026-03-13T02:15:26.100Z,R08,494
1773368126100,2026-03-13T02:15:26.100Z,R09,137
1773368126100,2026-03-13T02:15:26.100Z,R10,174
1773368126100,2026-03-13T02:15:26.100Z,R11,345
1773368126100,2026-03-13T02:15:26.100Z,R12,452
1773368126100,2026-03-13T02:15:26.100Z,R13,253
1773368126100,2026-03-13T02:15:26.100Z,R14,111
1773368126100,2026-03-13T02:15:26.100Z,R15,445
1773368126100,2026-03-13T02:15:26.100Z,R16,0
1773368126221,2026-03-13T02:15:26.221Z,L01,394
1773368126221,2026-03-13T02:15:26.221Z,L02,90
1773368126221,2026-03-13T02:15:26.221Z,L03,356
1773368126221,2026-03-13T02:15:26.221Z,L04,204
1773368126221,2026-03-13T02:15:26.221Z,L05,0
1773368126221,2026-03-13T02:15:26.221Z,L06,0
1773368126221,2026-03-13T02:15:26.221Z,L07,305
1773368126221,2026-03-13T02:15:26.221Z,L08,361
1773368126221,2026-03-13T02:15:26.221Z,L09,0
1773368126221,2026-03-13T02:15:26.221Z,L10,0
1773368126221,2026-03-13T02:15:26.221Z,L11,505
1773368126221,2026-03-13T02:15:26.221Z,L12,203
1773368126221,2026-03-13T02:15:26.221Z,L13,54
1773368126221,2026-03-13T02:15:26.221Z,L14,0
1773368126221,2026-03-13T02:15:26.221Z,L15,0
1773368126221,2026-03-13T02:15:26.221Z,L16,0
1773368126221,2026-03-13T02:15:26.221Z,R01,0
1773368126221,2026-03-13T02:15:26.221Z,R02,0
1773368126221,2026-03-13T02:15:26.221Z,R03,0
1773368126221,2026-03-13T02:15:26.221Z,R04,0
1773368126221,2026-03-13T02:15:26.221Z,R05,0
1773368126221,2026-03-13T02:15:26.221Z,R06,0
1773368126221,2026-03-13T02:15:26.221Z,R07,0
1773368126221,2026-03-13T02:15:26.221Z,R08,0
1773368126221,2026-03-13T02:15:26.221Z,R09,0
1773368126221,2026-03-13T02:15:26.221Z,R10,0
1773368126221,2026-03-13T02:15:26.221Z,R11,0
1773368126221,2026-03-13T02:15:26.221Z,R12,0
1773368126221,2026-03-13T02:15:26.221Z,R13,0
1773368126221,2026-03-13T02:15:26.221Z,R14,0
1773368126221,2026-03-13T02:15:26.221Z,R15,0
1773368126221,2026-03-13T02:15:26.221Z,R16,0
1773368126369,2026-03-13T02:15:26.369Z,L01,0
1773368126369,2026-03-13T02:15:26.369Z,L02,0
1773368126369,2026-03-13T02:15:26.369Z,L03,0
1773368126369,2026-03-13T02:15:26.369Z,L04,0
1773368126369,2026-03-13T02:15:26.369Z,L05,0
1773368126369,2026-03-13T02:15:26.369Z,L06,0
1773368126369,2026-03-13T02:15:26.369Z,L07,0
1773368126369,2026-03-13T02:15:26.369Z,L08,0
1773368126369,2026-03-13T02:15:26.369Z,L09,0
1773368126369,2026-03-13T02:15:26.369Z,L10,0
1773368126369,2026-03-13T02:15:26.369Z,L11,0
1773368126369,2026-03-13T02:15:26.369Z,L12,0
1773368126369,2026-03-13T02:15:26.369Z,L13,0
1773368126369,2026-03-13T02:15:26.369Z,L14,0
1773368126369,2026-03-13T02:15:26.369Z,L15,0
1773368126369,2026-03-13T02:15:26.369Z,L16,0
1773368126369,2026-03-13T02:15:26.369Z,R01,229
1773368126369,2026-03-13T02:15:26.369Z,R02,322
1773368126369,2026-03-13T02:15:26.369Z,R03,491
1773368126369,2026-03-13T02:15:26.369Z,R04,0
1773368126369,2026-03-13T02:15:26.369Z,R05,0
1773368126369,2026-03-13T02:15:26.369Z,R06,0
1773368126369,2026-03-13T02:15:26.369Z,R07,356
1773368126369,2026-03-13T02:15:26.369Z,R08,320
1773368126369,2026-03-13T02:15:26.369Z,R09,0
1773368126369,2026-03-13T02:15:26.369Z,R10,0
1773368126369,2026-03-13T02:15:26.369Z,R11,248
1773368126369,2026-03-13T02:15:26.369Z,R12,22
1773368126369,2026-03-13T02:15:26.369Z,R13,186
1773368126369,2026-03-13T02:15:26.369Z,R14,0
1773368126369,2026-03-13T02:15:26.369Z,R15,0
1773368126369,2026-03-13T02:15:26.369Z,R16,0
1773368126492,2026-03-13T02:15:26.492Z,L01,0
1773368126492,2026-03-13T02:15:26.492Z,L02,0
1773368126492,2026-03-13T02:15:26.492Z,L03,409
1773368126492,2026-03-13T02:15:26.492Z,L04,0
1773368126492,2026-03-13T02:15:26.492Z,L05,0
1773368126492,2026-03-13T02:15:26.492Z,L06,0
1773368126492,2026-03-13T02:15:26.492Z,L07,475
1773368126492,2026-03-13T02:15:26.492Z,L08,60
1773368126492,2026-03-13T02:15:26.492Z,L09,0
1773368126492,2026-03-13T02:15:26.492Z,L10,0
1773368126492,2026-03-13T02:15:26.492Z,L11,0
1773368126492,2026-03-13T02:15:26.492Z,L12,394
1773368126492,2026-03-13T02:15:26.492Z,L13,203
1773368126492,2026-03-13T02:15:26.492Z,L14,0
1773368126492,2026-03-13T02:15:26.492Z,L15,0
1773368126492,2026-03-13T02:15:26.492Z,L16,0
1773368126492,2026-03-13T02:15:26.492Z,R01,0
1773368126492,2026-03-13T02:15:26.492Z,R02,0
1773368126492,2026-03-13T02:15:26.492Z,R03,0
1773368126492,2026-03-13T02:15:26.492Z,R04,0
1773368126492,2026-03-13T02:15:26.492Z,R05,0
1773368126492,2026-03-13T02:15:26.492Z,R06,0
1773368126492,2026-03-13T02:15:26.492Z,R07,0
1773368126492,2026-03-13T02:15:26.492Z,R08,0
1773368126492,2026-03-13T02:15:26.492Z,R09,0
1773368126492,2026-03-13T02:15:26.492Z,R10,0
1773368126492,2026-03-13T02:15:26.492Z,R11,0
1773368126492,2026-03-13T02:15:26.492Z,R12,0
1773368126492,2026-03-13T02:15:26.492Z,R13,0
1773368126492,2026-03-13T02:15:26.492Z,R14,0
1773368126492,2026-03-13T02:15:26.492Z,R15,0
1773368126492,2026-03-13T02:15:26.492Z,R16,0
1773368126611,2026-03-13T02:15:26.611Z,L01,0
1773368126611,2026-03-13T02:15:26.611Z,L02,0
1773368126611,2026-03-13T02:15:26.611Z,L03,0
1773368126611,2026-03-13T02:15:26.611Z,L04,0
1773368126611,2026-03-13T02:15:26.611Z,L05,0
1773368126611,2026-03-13T02:15:26.611Z,L06,0
1773368126611,2026-03-13T02:15:26.611Z,L07,259
1773368126611,2026-03-13T02:15:26.611Z,L08,356
1773368126611,2026-03-13T02:15:26.611Z,L09,0
1773368126611,2026-03-13T02:15:26.611Z,L10,0
1773368126611,2026-03-13T02:15:26.611Z,L11,491
1773368126611,2026-03-13T02:15:26.611Z,L12,194
1773368126611,2026-03-13T02:15:26.611Z,L13,125
1773368126611,2026-03-13T02:15:26.611Z,L14,0
1773368126611,2026-03-13T02:15:26.611Z,L15,0
1773368126611,2026-03-13T02:15:26.611Z,L16,0
1773368126611,2026-03-13T02:15:26.611Z,R01,0
1773368126611,2026-03-13T02:15:26.611Z,R02,0
1773368126611,2026-03-13T02:15:26.611Z,R03,0
1773368126611,2026-03-13T02:15:26.611Z,R04,0
1773368126611,2026-03-13T02:15:26.611Z,R05,0
1773368126611,2026-03-13T02:15:26.611Z,R06,0
1773368126611,2026-03-13T02:15:26.611Z,R07,0
1773368126611,2026-03-13T02:15:26.611Z,R08,0
1773368126611,2026-03-13T02:15:26.611Z,R09,0
1773368126611,2026-03-13T02:15:26.611Z,R10,0
1773368126611,2026-03-13T02:15:26.611Z,R11,0
1773368126611,2026-03-13T02:15:26.611Z,R12,0
1773368126611,2026-03-13T02:15:26.611Z,R13,0
1773368126611,2026-03-13T02:15:26.611Z,R14,0
1773368126611,2026-03-13T02:15:26.611Z,R15,0
1773368126611,2026-03-13T02:15:26.611Z,R16,0
1773368126878,2026-03-13T02:15:26.878Z,L01,0
1773368126878,2026-03-13T02:15:26.878Z,L02,0
1773368126878,2026-03-13T02:15:26.878Z,L03,0
1773368126878,2026-03-13T02:15:26.878Z,L04,0
1773368126878,2026-03-13T02:15:26.878Z,L05,0
1773368126878,2026-03-13T02:15:26.878Z,L06,0
1773368126878,2026-03-13T02:15:26.878Z,L07,0
1773368126878,2026-03-13T02:15:26.878Z,L08,0
1773368126878,2026-03-13T02:15:26.878Z,L09,0
1773368126878,2026-03-13T02:15:26.878Z,L10,0
1773368126878,2026-03-13T02:15:26.878Z,L11,0
1773368126878,2026-03-13T02:15:26.878Z,L12,0
1773368126878,2026-03-13T02:15:26.878Z,L13,0
1773368126878,2026-03-13T02:15:26.878Z,L14,0
1773368126878,2026-03-13T02:15:26.878Z,L15,0
1773368126878,2026-03-13T02:15:26.878Z,L16,0
1773368126878,2026-03-13T02:15:26.878Z,R01,0
1773368126878,2026-03-13T02:15:26.878Z,R02,0
1773368126878,2026-03-13T02:15:26.878Z,R03,0
1773368126878,2026-03-13T02:15:26.878Z,R04,0
1773368126878,2026-03-13T02:15:26.878Z,R05,0
1773368126878,2026-03-13T02:15:26.878Z,R06,0
1773368126878,2026-03-13T02:15:26.878Z,R07,0
1773368126878,2026-03-13T02:15:26.878Z,R08,0
1773368126878,2026-03-13T02:15:26.878Z,R09,0
1773368126878,2026-03-13T02:15:26.878Z,R10,0
1773368126878,2026-03-13T02:15:26.878Z,R11,0
1773368126878,2026-03-13T02:15:26.878Z,R12,0
1773368126878,2026-03-13T02:15:26.878Z,R13,0
1773368126878,2026-03-13T02:15:26.878Z,R14,0
1773368126878,2026-03-13T02:15:26.878Z,R15,0
1773368126878,2026-03-13T02:15:26.878Z,R16,0
1773368127001,2026-03-13T02:15:27.001Z,L01,0
1773368127001,2026-03-13T02:15:27.001Z,L02,0
1773368127001,2026-03-13T02:15:27.001Z,L03,0
1773368127001,2026-03-13T02:15:27.001Z,L04,0
1773368127001,2026-03-13T02:15:27.001Z,L05,0
1773368127001,2026-03-13T02:15:27.001Z,L06,0
1773368127001,2026-03-13T02:15:27.001Z,L07,0
1773368127001,2026-03-13T02:15:27.001Z,L08,0
1773368127001,2026-03-13T02:15:27.001Z,L09,0
1773368127001,2026-03-13T02:15:27.001Z,L10,0
1773368127001,2026-03-13T02:15:27.001Z,L11,0
1773368127001,2026-03-13T02:15:27.001Z,L12,0
1773368127001,2026-03-13T02:15:27.001Z,L13,0
1773368127001,2026-03-13T02:15:27.001Z,L14,0
1773368127001,2026-03-13T02:15:27.001Z,L15,0
1773368127001,2026-03-13T02:15:27.001Z,L16,0
1773368127001,2026-03-13T02:15:27.001Z,R01,120
1773368127001,2026-03-13T02:15:27.001Z,R02,392
1773368127001,2026-03-13T02:15:27.001Z,R03,423
1773368127001,2026-03-13T02:15:27.001Z,R04,0
1773368127001,2026-03-13T02:15:27.001Z,R05,0
1773368127001,2026-03-13T02:15:27.001Z,R06,0
1773368127001,2026-03-13T02:15:27.001Z,R07,155
1773368127001,2026-03-13T02:15:27.001Z,R08,304
1773368127001,2026-03-13T02:15:27.001Z,R09,0
1773368127001,2026-03-13T02:15:27.001Z,R10,0
1773368127001,2026-03-13T02:15:27.001Z,R11,309
1773368127001,2026-03-13T02:15:27.001Z,R12,432
1773368127001,2026-03-13T02:15:27.001Z,R13,196
1773368127001,2026-03-13T02:15:27.001Z,R14,0
1773368127001,2026-03-13T02:15:27.001Z,R15,0
1773368127001,2026-03-13T02:15:27.001Z,R16,0
1773368127121,2026-03-13T02:15:27.121Z,L01,50
1773368127121,2026-03-13T02:15:27.121Z,L02,203
1773368127121,2026-03-13T02:15:27.121Z,L03,489
1773368127121,2026-03-13T02:15:27.121Z,L04,0
1773368127121,2026-03-13T02:15:27.121Z,L05,0
1773368127121,2026-03-13T02:15:27.121Z,L06,0
1773368127121,2026-03-13T02:15:27.121Z,L07,479
1773368127121,2026-03-13T02:15:27.121Z,L08,218
1773368127121,2026-03-13T02:15:27.121Z,L09,0
1773368127121,2026-03-13T02:15:27.121Z,L10,0
1773368127121,2026-03-13T02:15:27.121Z,L11,188
1773368127121,2026-03-13T02:15:27.121Z,L12,428
1773368127121,2026-03-13T02:15:27.121Z,L13,238
1773368127121,2026-03-13T02:15:27.121Z,L14,0
1773368127121,2026-03-13T02:15:27.121Z,L15,0
1773368127121,2026-03-13T02:15:27.121Z,L16,0
1773368127121,2026-03-13T02:15:27.121Z,R01,0
1773368127121,2026-03-13T02:15:27.121Z,R02,0
1773368127121,2026-03-13T02:15:27.121Z,R03,0
1773368127121,2026-03-13T02:15:27.121Z,R04,0
1773368127121,2026-03-13T02:15:27.121Z,R05,0
1773368127121,2026-03-13T02:15:27.121Z,R06,0
1773368127121,2026-03-13T02:15:27.121Z,R07,0
1773368127121,2026-03-13T02:15:27.121Z,R08,0
1773368127121,2026-03-13T02:15:27.121Z,R09,0
1773368127121,2026-03-13T02:15:27.121Z,R10,0
1773368127121,2026-03-13T02:15:27.121Z,R11,0
1773368127121,2026-03-13T02:15:27.121Z,R12,0
1773368127121,2026-03-13T02:15:27.121Z,R13,0
1773368127121,2026-03-13T02:15:27.121Z,R14,0
1773368127121,2026-03-13T02:15:27.121Z,R15,0
1773368127121,2026-03-13T02:15:27.121Z,R16,0
1773368127238,2026-03-13T02:15:27.238Z,L01,0
1773368127238,2026-03-13T02:15:27.238Z,L02,0
1773368127238,2026-03-13T02:15:27.238Z,L03,0
1773368127238,2026-03-13T02:15:27.238Z,L04,0
1773368127238,2026-03-13T02:15:27.238Z,L05,0
1773368127238,2026-03-13T02:15:27.238Z,L06,0
1773368127238,2026-03-13T02:15:27.238Z,L07,0
1773368127238,2026-03-13T02:15:27.238Z,L08,0
1773368127238,2026-03-13T02:15:27.238Z,L09,0
1773368127238,2026-03-13T02:15:27.238Z,L10,0
1773368127238,2026-03-13T02:15:27.238Z,L11,0
1773368127238,2026-03-13T02:15:27.238Z,L12,0
1773368127238,2026-03-13T02:15:27.238Z,L13,0
1773368127238,2026-03-13T02:15:27.238Z,L14,0
1773368127238,2026-03-13T02:15:27.238Z,L15,0
1773368127238,2026-03-13T02:15:27.238Z,L16,0
1773368127238,2026-03-13T02:15:27.238Z,R01,0
1773368127238,2026-03-13T02:15:27.238Z,R02,0
1773368127238,2026-03-13T02:15:27.238Z,R03,0
1773368127238,2026-03-13T02:15:27.238Z,R04,0
1773368127238,2026-03-13T02:15:27.238Z,R05,0
1773368127238,2026-03-13T02:15:27.238Z,R06,0
1773368127238,2026-03-13T02:15:27.238Z,R07,0
1773368127238,2026-03-13T02:15:27.238Z,R08,0
1773368127238,2026-03-13T02:15:27.238Z,R09,0
1773368127238,2026-03-13T02:15:27.238Z,R10,0
1773368127238,2026-03-13T02:15:27.238Z,R11,0
1773368127238,2026-03-13T02:15:27.238Z,R12,0
1773368127238,2026-03-13T02:15:27.238Z,R13,0
1773368127238,2026-03-13T02:15:27.238Z,R14,0
1773368127238,2026-03-13T02:15:27.238Z,R15,0
1773368127238,2026-03-13T02:15:27.238Z,R16,0
1773368127386,2026-03-13T02:15:27.386Z,L01,0
1773368127386,2026-03-13T02:15:27.386Z,L02,0
1773368127386,2026-03-13T02:15:27.386Z,L03,0
1773368127386,2026-03-13T02:15:27.386Z,L04,0
1773368127386,2026-03-13T02:15:27.386Z,L05,0
1773368127386,2026-03-13T02:15:27.386Z,L06,0
1773368127386,2026-03-13T02:15:27.386Z,L07,0
1773368127386,2026-03-13T02:15:27.386Z,L08,0
1773368127386,2026-03-13T02:15:27.386Z,L09,0
1773368127386,2026-03-13T02:15:27.386Z,L10,0
1773368127386,2026-03-13T02:15:27.386Z,L11,0
1773368127386,2026-03-13T02:15:27.386Z,L12,0
1773368127386,2026-03-13T02:15:27.386Z,L13,0
1773368127386,2026-03-13T02:15:27.386Z,L14,0
1773368127386,2026-03-13T02:15:27.386Z,L15,0
1773368127386,2026-03-13T02:15:27.386Z,L16,0
1773368127386,2026-03-13T02:15:27.386Z,R01,0
1773368127386,2026-03-13T02:15:27.386Z,R02,0
1773368127386,2026-03-13T02:15:27.386Z,R03,0
1773368127386,2026-03-13T02:15:27.386Z,R04,0
1773368127386,2026-03-13T02:15:27.386Z,R05,0
1773368127386,2026-03-13T02:15:27.386Z,R06,0
1773368127386,2026-03-13T02:15:27.386Z,R07,0
1773368127386,2026-03-13T02:15:27.386Z,R08,0
1773368127386,2026-03-13T02:15:27.386Z,R09,0
1773368127386,2026-03-13T02:15:27.386Z,R10,0
1773368127386,2026-03-13T02:15:27.386Z,R11,0
1773368127386,2026-03-13T02:15:27.386Z,R12,0
1773368127386,2026-03-13T02:15:27.386Z,R13,0
1773368127386,2026-03-13T02:15:27.386Z,R14,0
1773368127386,2026-03-13T02:15:27.386Z,R15,0
1773368127386,2026-03-13T02:15:27.386Z,R16,0
1773368127509,2026-03-13T02:15:27.509Z,L01,0
1773368127509,2026-03-13T02:15:27.509Z,L02,0
1773368127509,2026-03-13T02:15:27.509Z,L03,0
1773368127509,2026-03-13T02:15:27.509Z,L04,0
1773368127509,2026-03-13T02:15:27.509Z,L05,0
1773368127509,2026-03-13T02:15:27.509Z,L06,0
1773368127509,2026-03-13T02:15:27.509Z,L07,0
1773368127509,2026-03-13T02:15:27.509Z,L08,0
1773368127509,2026-03-13T02:15:27.509Z,L09,0
1773368127509,2026-03-13T02:15:27.509Z,L10,0
1773368127509,2026-03-13T02:15:27.509Z,L11,0
1773368127509,2026-03-13T02:15:27.509Z,L12,0
1773368127509,2026-03-13T02:15:27.509Z,L13,0
1773368127509,2026-03-13T02:15:27.509Z,L14,0
1773368127509,2026-03-13T02:15:27.509Z,L15,0
1773368127509,2026-03-13T02:15:27.509Z,L16,0
1773368127509,2026-03-13T02:15:27.509Z,R01,141
1773368127509,2026-03-13T02:15:27.509Z,R02,196
1773368127509,2026-03-13T02:15:27.509Z,R03,299
1773368127509,2026-03-13T02:15:27.509Z,R04,417
1773368127509,2026-03-13T02:15:27.509Z,R05,357
1773368127509,2026-03-13T02:15:27.509Z,R06,0
1773368127509,2026-03-13T02:15:27.509Z,R07,391
1773368127509,2026-03-13T02:15:27.509Z,R08,63
1773368127509,2026-03-13T02:15:27.509Z,R09,428
1773368127509,2026-03-13T02:15:27.509Z,R10,101
1773368127509,2026-03-13T02:15:27.509Z,R11,33
1773368127509,2026-03-13T02:15:27.509Z,R12,360
1773368127509,2026-03-13T02:15:27.509Z,R13,119
1773368127509,2026-03-13T02:15:27.509Z,R14,54
1773368127509,2026-03-13T02:15:27.509Z,R15,233
1773368127509,2026-03-13T02:15:27.509Z,R16,0
1773368127627,2026-03-13T02:15:27.627Z,L01,0
1773368127627,2026-03-13T02:15:27.627Z,L02,0
1773368127627,2026-03-13T02:15:27.627Z,L03,0
1773368127627,2026-03-13T02:15:27.627Z,L04,0
1773368127627,2026-03-13T02:15:27.627Z,L05,0
1773368127627,2026-03-13T02:15:27.627Z,L06,0
1773368127627,2026-03-13T02:15:27.627Z,L07,0
1773368127627,2026-03-13T02:15:27.627Z,L08,0
1773368127627,2026-03-13T02:15:27.627Z,L09,0
1773368127627,2026-03-13T02:15:27.627Z,L10,0
1773368127627,2026-03-13T02:15:27.627Z,L11,0
1773368127627,2026-03-13T02:15:27.627Z,L12,0
1773368127627,2026-03-13T02:15:27.627Z,L13,0
1773368127627,2026-03-13T02:15:27.627Z,L14,0
1773368127627,2026-03-13T02:15:27.627Z,L15,0
1773368127627,2026-03-13T02:15:27.627Z,L16,0
1773368127627,2026-03-13T02:15:27.627Z,R01,0
1773368127627,2026-03-13T02:15:27.627Z,R02,0
1773368127627,2026-03-13T02:15:27.627Z,R03,0
1773368127627,2026-03-13T02:15:27.627Z,R04,0
1773368127627,2026-03-13T02:15:27.627Z,R05,0
1773368127627,2026-03-13T02:15:27.627Z,R06,0
1773368127627,2026-03-13T02:15:27.627Z,R07,427
1773368127627,2026-03-13T02:15:27.627Z,R08,173
1773368127627,2026-03-13T02:15:27.627Z,R09,0
1773368127627,2026-03-13T02:15:27.627Z,R10,0
1773368127627,2026-03-13T02:15:27.627Z,R11,0
1773368127627,2026-03-13T02:15:27.627Z,R12,0
1773368127627,2026-03-13T02:15:27.627Z,R13,187
1773368127627,2026-03-13T02:15:27.627Z,R14,0
1773368127627,2026-03-13T02:15:27.627Z,R15,0
1773368127627,2026-03-13T02:15:27.627Z,R16,0
1773368127899,2026-03-13T02:15:27.899Z,L01,0
1773368127899,2026-03-13T02:15:27.899Z,L02,464
1773368127899,2026-03-13T02:15:27.899Z,L03,225
1773368127899,2026-03-13T02:15:27.899Z,L04,404
1773368127899,2026-03-13T02:15:27.899Z,L05,0
1773368127899,2026-03-13T02:15:27.899Z,L06,0
1773368127899,2026-03-13T02:15:27.899Z,L07,351
1773368127899,2026-03-13T02:15:27.899Z,L08,505
1773368127899,2026-03-13T02:15:27.899Z,L09,0
1773368127899,2026-03-13T02:15:27.899Z,L10,0
1773368127899,2026-03-13T02:15:27.899Z,L11,377
1773368127899,2026-03-13T02:15:27.899Z,L12,382
1773368127899,2026-03-13T02:15:27.899Z,L13,79
1773368127899,2026-03-13T02:15:27.899Z,L14,0
1773368127899,2026-03-13T02:15:27.899Z,L15,0
1773368127899,2026-03-13T02:15:27.899Z,L16,0
1773368127899,2026-03-13T02:15:27.899Z,R01,0
1773368127899,2026-03-13T02:15:27.899Z,R02,0
1773368127899,2026-03-13T02:15:27.899Z,R03,0
1773368127899,2026-03-13T02:15:27.899Z,R04,0
1773368127899,2026-03-13T02:15:27.899Z,R05,0
1773368127899,2026-03-13T02:15:27.899Z,R06,0
1773368127899,2026-03-13T02:15:27.899Z,R07,0
1773368127899,2026-03-13T02:15:27.899Z,R08,0
1773368127899,2026-03-13T02:15:27.899Z,R09,0
1773368127899,2026-03-13T02:15:27.899Z,R10,0
1773368127899,2026-03-13T02:15:27.899Z,R11,0
1773368127899,2026-03-13T02:15:27.899Z,R12,0
1773368127899,2026-03-13T02:15:27.899Z,R13,0
1773368127899,2026-03-13T02:15:27.899Z,R14,0
1773368127899,2026-03-13T02:15:27.899Z,R15,0
1773368127899,2026-03-13T02:15:27.899Z,R16,0
1773368128019,2026-03-13T02:15:28.019Z,L01,0
1773368128019,2026-03-13T02:15:28.019Z,L02,0
1773368128019,2026-03-13T02:15:28.019Z,L03,0
1773368128019,2026-03-13T02:15:28.019Z,L04,0
1773368128019,2026-03-13T02:15:28.019Z,L05,0
1773368128019,2026-03-13T02:15:28.019Z,L06,0
1773368128019,2026-03-13T02:15:28.019Z,L07,0
1773368128019,2026-03-13T02:15:28.019Z,L08,0
1773368128019,2026-03-13T02:15:28.019Z,L09,0
1773368128019,2026-03-13T02:15:28.019Z,L10,0
1773368128019,2026-03-13T02:15:28.019Z,L11,0
1773368128019,2026-03-13T02:15:28.019Z,L12,0
1773368128019,2026-03-13T02:15:28.019Z,L13,0
1773368128019,2026-03-13T02:15:28.019Z,L14,0
1773368128019,2026-03-13T02:15:28.019Z,L15,0
1773368128019,2026-03-13T02:15:28.019Z,L16,0
1773368128019,2026-03-13T02:15:28.019Z,R01,0
1773368128019,2026-03-13T02:15:28.019Z,R02,0
1773368128019,2026-03-13T02:15:28.019Z,R03,0
1773368128019,2026-03-13T02:15:28.019Z,R04,0
1773368128019,2026-03-13T02:15:28.019Z,R05,0
1773368128019,2026-03-13T02:15:28.019Z,R06,0
1773368128019,2026-03-13T02:15:28.019Z,R07,0
1773368128019,2026-03-13T02:15:28.019Z,R08,0
1773368128019,2026-03-13T02:15:28.019Z,R09,0
1773368128019,2026-03-13T02:15:28.019Z,R10,0
1773368128019,2026-03-13T02:15:28.019Z,R11,0
1773368128019,2026-03-13T02:15:28.019Z,R12,0
1773368128019,2026-03-13T02:15:28.019Z,R13,0
1773368128019,2026-03-13T02:15:28.019Z,R14,0
1773368128019,2026-03-13T02:15:28.019Z,R15,0
1773368128019,2026-03-13T02:15:28.019Z,R16,0
1773368128170,2026-03-13T02:15:28.170Z,L01,0
1773368128170,2026-03-13T02:15:28.170Z,L02,0
1773368128170,2026-03-13T02:15:28.170Z,L03,0
1773368128170,2026-03-13T02:15:28.170Z,L04,0
1773368128170,2026-03-13T02:15:28.170Z,L05,0
1773368128170,2026-03-13T02:15:28.170Z,L06,0
1773368128170,2026-03-13T02:15:28.170Z,L07,0
1773368128170,2026-03-13T02:15:28.170Z,L08,0
1773368128170,2026-03-13T02:15:28.170Z,L09,0
1773368128170,2026-03-13T02:15:28.170Z,L10,0
1773368128170,2026-03-13T02:15:28.170Z,L11,0
1773368128170,2026-03-13T02:15:28.170Z,L12,0
1773368128170,2026-03-13T02:15:28.170Z,L13,0
1773368128170,2026-03-13T02:15:28.170Z,L14,0
1773368128170,2026-03-13T02:15:28.170Z,L15,0
1773368128170,2026-03-13T02:15:28.170Z,L16,0
1773368128170,2026-03-13T02:15:28.170Z,R01,18
1773368128170,2026-03-13T02:15:28.170Z,R02,330
1773368128170,2026-03-13T02:15:28.170Z,R03,28
1773368128170,2026-03-13T02:15:28.170Z,R04,264
1773368128170,2026-03-13T02:15:28.170Z,R05,111
1773368128170,2026-03-13T02:15:28.170Z,R06,54
1773368128170,2026-03-13T02:15:28.170Z,R07,473
1773368128170,2026-03-13T02:15:28.170Z,R08,115
1773368128170,2026-03-13T02:15:28.170Z,R09,194
1773368128170,2026-03-13T02:15:28.170Z,R10,286
1773368128170,2026-03-13T02:15:28.170Z,R11,212
1773368128170,2026-03-13T02:15:28.170Z,R12,191
1773368128170,2026-03-13T02:15:28.170Z,R13,238
1773368128170,2026-03-13T02:15:28.170Z,R14,173
1773368128170,2026-03-13T02:15:28.170Z,R15,316
1773368128170,2026-03-13T02:15:28.170Z,R16,130
